,player,team,club,age_years,age_float,age,minutes_90s,tackles,tackles_won,succesful_tackles_pct,tackles_def_3rd,tackles_mid_3rd,dribble_tackles,dribbled_past,dribbles_vs,dribble_tackles_pct,blocks,blocked_shots,blocked_passes,interceptions,tackles_interceptions,clearances,errors,touches,touches_def_pen_area,touches_def_pen_area_pct,touches_def_3rd,touches_mid_3rd,miscontrols,dispossessed,passes_received,passes_completed,passes,passes_pct,passes_progressive_distance,assisted_shots,passes_into_final_third,progressive_passes,passes_dead,through_balls,passes_switches,passes_blocked,cards_yellow,cards_red,fouls,fouled,pens_conceded,own_goals,ball_recoveries,aerials_won,aerials_lost,aerials_won_pct,sca_fouled,sca_defense,gca_fouled,gca_defense
0,Abdelkarim Hassan,Qatar,Al Sadd SC,29,29.3068,29-112,3.0,7.0,3,0.4286,5.0,2.0,3.0,1.0,4.0,75.0,3.0,1.0,2.0,1,8.0,5.0,0.0,193.0,15.0,0.0777,83.0,95.0,2.0,0.0,138.0,122.0,161.0,75.8,813.0,1.0,13.0,8.0,13.0,0.0,10.0,8.0,0,0,1,4,0.0,0,11.0,3.0,1.0,75.0,0.0,0.0,0.0,0.0
1,Abdou Diallo,Senegal,RB Leipzig,26,26.6247,26-228,3.7,2.0,2,1.0,2.0,0.0,2.0,0.0,2.0,100.0,1.0,1.0,0.0,1,3.0,10.0,0.0,210.0,19.0,0.0905,98.0,98.0,2.0,2.0,138.0,139.0,186.0,74.7,1121.0,1.0,10.0,8.0,20.0,0.0,4.0,1.0,0,0,3,0,0.0,0,17.0,7.0,6.0,53.8,0.0,0.0,0.0,0.0
2,Abdulelah Al-Amri,Saudi Arabia,Al-Nassr,25,25.9233,25-337,2.0,1.0,0,0.0,1.0,0.0,0.0,1.0,1.0,0.0,2.0,1.0,1.0,4,5.0,10.0,0.0,129.0,12.0,0.093,58.0,65.0,1.0,0.0,63.0,74.0,104.0,71.2,951.0,0.0,13.0,11.0,5.0,0.0,6.0,1.0,2,0,3,3,0.0,0,15.0,10.0,4.0,71.4,0.0,0.0,0.0,0.0
3,Abdullah Madu,Saudi Arabia,Al-Nassr,29,29.4274,29-156,0.5,1.0,0,0.0,1.0,0.0,0.0,0.0,0.0,,3.0,2.0,1.0,0,1.0,2.0,0.0,19.0,4.0,0.2105,12.0,8.0,0.0,0.0,6.0,5.0,13.0,38.5,64.0,0.0,0.0,1.0,1.0,0.0,0.0,1.0,1,0,1,0,0.0,0,2.0,1.0,1.0,50.0,0.0,0.0,0.0,0.0
4,Abolfazl Jalali,IR Iran,Esteghlal,24,24.4795,24-175,0.2,0.0,0,,0.0,0.0,0.0,0.0,0.0,,0.0,0.0,0.0,0,0.0,1.0,0.0,34.0,1.0,0.0294,5.0,18.0,0.0,1.0,18.0,20.0,29.0,69.0,51.0,0.0,1.0,3.0,8.0,0.0,0.0,1.0,1,0,1,4,0.0,0,3.0,0.0,0.0,,1.0,0.0,0.0,0.0
5,Achraf Dari,Morocco,Brest,23,23.6192,23-226,2.1,1.0,0,0.0,1.0,0.0,1.0,2.0,3.0,33.3,7.0,4.0,3.0,5,6.0,9.0,0.0,139.0,24.0,0.1727,84.0,51.0,0.0,1.0,85.0,99.0,111.0,89.2,752.0,0.0,3.0,2.0,4.0,0.0,0.0,0.0,1,0,2,1,0.0,0,10.0,5.0,5.0,50.0,0.0,0.0,0.0,0.0
6,Achraf Hakimi,Morocco,Paris S-G,24,24.1205,24-044,7.0,26.0,17,0.6538,15.0,10.0,17.0,11.0,28.0,60.7,7.0,1.0,6.0,9,35.0,12.0,0.0,478.0,25.0,0.0523,185.0,190.0,17.0,8.0,280.0,312.0,382.0,81.7,1792.0,6.0,14.0,10.0,73.0,1.0,5.0,8.0,0,0,6,13,0.0,0,46.0,5.0,8.0,38.5,1.0,0.0,0.0,0.0
7,Alejandro Balde,Spain,Barcelona,19,19.1671,19-061,1.4,6.0,6,1.0,2.0,2.0,2.0,0.0,2.0,100.0,2.0,0.0,2.0,0,6.0,2.0,0.0,135.0,0.0,0.0,17.0,86.0,2.0,3.0,109.0,112.0,123.0,91.1,293.0,0.0,5.0,4.0,12.0,1.0,0.0,0.0,0,0,2,1,0.0,0,10.0,0.0,2.0,0.0,1.0,0.0,0.0,0.0
8,Alex Sandro,Brazil,Juventus,31,31.8932,31-326,2.1,8.0,3,0.375,6.0,2.0,2.0,0.0,2.0,100.0,1.0,0.0,1.0,3,11.0,9.0,0.0,193.0,7.0,0.0363,45.0,111.0,1.0,0.0,121.0,150.0,169.0,88.8,680.0,1.0,11.0,11.0,24.0,0.0,0.0,2.0,0,0,3,2,0.0,0,16.0,3.0,1.0,75.0,0.0,0.0,0.0,0.0
9,Alex Telles,Brazil,Sevilla,30,30.0082,30-003,0.7,2.0,2,1.0,0.0,1.0,1.0,0.0,1.0,100.0,0.0,0.0,0.0,0,2.0,1.0,0.0,46.0,0.0,0.0,12.0,21.0,1.0,0.0,32.0,33.0,42.0,78.6,135.0,0.0,3.0,2.0,5.0,0.0,0.0,0.0,0,0,1,0,0.0,0,1.0,1.0,1.0,50.0,0.0,0.0,0.0,0.0
10,Alexander Bah,Denmark,Benfica,25,25.0247,25-009,0.5,4.0,4,1.0,2.0,1.0,2.0,1.0,3.0,66.7,2.0,0.0,2.0,2,6.0,0.0,0.0,65.0,1.0,0.0154,22.0,19.0,0.0,0.0,36.0,37.0,53.0,69.8,150.0,1.0,0.0,2.0,7.0,0.0,0.0,1.0,0,0,1,0,0.0,0,3.0,4.0,0.0,100.0,0.0,0.0,0.0,0.0
11,Alexander Djiku,Ghana,Strasbourg,28,28.3589,28-131,1.1,1.0,1,1.0,1.0,0.0,1.0,0.0,1.0,100.0,0.0,0.0,0.0,2,3.0,9.0,0.0,43.0,15.0,0.3488,33.0,10.0,0.0,0.0,18.0,22.0,28.0,78.6,180.0,0.0,1.0,1.0,1.0,0.0,0.0,0.0,0,0,0,2,0.0,0,3.0,2.0,0.0,100.0,0.0,0.0,0.0,0.0
12,Ali Abdi,Tunisia,Caen,28,28.9945,28-363,2.1,8.0,5,0.625,5.0,2.0,3.0,0.0,3.0,100.0,1.0,0.0,1.0,4,12.0,13.0,1.0,152.0,16.0,0.1053,66.0,61.0,5.0,4.0,67.0,72.0,116.0,62.1,630.0,1.0,4.0,6.0,28.0,0.0,0.0,5.0,1,0,5,0,0.0,0,17.0,9.0,5.0,64.3,0.0,0.0,0.0,0.0
13,Ali Al-Bulaihi,Saudi Arabia,Al-Hilal,33,33.074,33-027,2.4,4.0,2,0.5,2.0,2.0,2.0,2.0,4.0,50.0,1.0,1.0,0.0,3,7.0,1.0,0.0,110.0,7.0,0.0636,54.0,55.0,2.0,0.0,65.0,78.0,97.0,80.4,379.0,0.0,2.0,5.0,10.0,0.0,1.0,0.0,1,0,1,1,0.0,0,5.0,3.0,3.0,50.0,0.0,0.0,0.0,0.0
14,Ali Maâloul,Tunisia,Al Ahly SC,32,32.9616,32-351,1.0,1.0,1,1.0,0.0,1.0,1.0,0.0,1.0,100.0,2.0,0.0,2.0,0,1.0,4.0,0.0,70.0,3.0,0.0429,12.0,28.0,0.0,1.0,34.0,39.0,63.0,61.9,412.0,0.0,4.0,4.0,19.0,0.0,1.0,2.0,0,0,0,0,0.0,0,5.0,0.0,1.0,0.0,0.0,0.0,0.0,0.0
15,Alidu Seidu,Ghana,Clermont Foot,22,22.5397,22-197,1.7,6.0,4,0.6667,5.0,1.0,2.0,0.0,2.0,100.0,5.0,0.0,5.0,0,6.0,3.0,0.0,98.0,3.0,0.0306,37.0,42.0,4.0,0.0,49.0,59.0,78.0,75.6,246.0,0.0,3.0,1.0,16.0,0.0,0.0,2.0,2,0,5,5,0.0,0,6.0,1.0,0.0,100.0,0.0,0.0,0.0,0.0
16,Alistair Johnston,Canada,CF Montréal,24,24.1945,24-071,3.0,5.0,3,0.6,5.0,0.0,2.0,5.0,7.0,28.6,6.0,1.0,5.0,2,7.0,4.0,0.0,209.0,8.0,0.0383,61.0,106.0,4.0,1.0,121.0,147.0,186.0,79.0,998.0,3.0,9.0,10.0,41.0,0.0,1.0,3.0,1,0,5,3,0.0,0,16.0,4.0,2.0,66.7,0.0,0.0,0.0,0.0
17,Andreas Christensen,Denmark,Barcelona,26,26.6904,26-252,3.0,4.0,2,0.5,1.0,3.0,2.0,0.0,2.0,100.0,7.0,5.0,2.0,4,8.0,9.0,0.0,280.0,25.0,0.0893,106.0,173.0,2.0,1.0,217.0,237.0,251.0,94.4,1407.0,0.0,14.0,14.0,2.0,0.0,0.0,0.0,1,0,2,1,0.0,0,20.0,6.0,4.0,60.0,0.0,0.0,0.0,0.0
18,Andrija Živković,Serbia,PAOK,26,26.4384,26-160,2.3,5.0,3,0.6,2.0,2.0,2.0,1.0,3.0,66.7,5.0,0.0,5.0,3,8.0,3.0,0.0,118.0,7.0,0.0593,34.0,48.0,4.0,1.0,72.0,71.0,96.0,74.0,362.0,4.0,6.0,6.0,17.0,2.0,0.0,2.0,0,0,2,4,0.0,0,11.0,2.0,2.0,50.0,0.0,0.0,0.0,0.0
19,Antonee Robinson,United States,Fulham,25,25.3616,25-132,4.0,5.0,4,0.8,5.0,0.0,3.0,4.0,7.0,42.9,3.0,0.0,3.0,7,12.0,8.0,0.0,288.0,15.0,0.0521,70.0,130.0,13.0,3.0,165.0,173.0,241.0,71.8,1043.0,3.0,12.0,10.0,36.0,0.0,1.0,7.0,0,0,2,0,0.0,0,40.0,5.0,3.0,62.5,0.0,0.0,0.0,0.0
20,Antonio Rüdiger,Germany,Real Madrid,29,29.7945,29-290,3.0,2.0,1,0.5,1.0,1.0,0.0,0.0,0.0,,3.0,2.0,1.0,0,2.0,5.0,1.0,273.0,22.0,0.0806,110.0,150.0,1.0,0.0,215.0,229.0,252.0,90.9,1341.0,0.0,14.0,17.0,9.0,0.0,2.0,1.0,0,0,0,3,0.0,0,20.0,6.0,1.0,85.7,1.0,0.0,0.0,0.0
21,António Silva,Portugal,Benfica,19,19.1342,19-049,1.0,1.0,1,1.0,0.0,1.0,1.0,1.0,2.0,50.0,2.0,1.0,1.0,1,2.0,1.0,0.0,67.0,5.0,0.0746,32.0,35.0,0.0,0.0,49.0,60.0,62.0,96.8,310.0,0.0,1.0,3.0,2.0,0.0,2.0,0.0,0,0,2,0,0.0,0,4.0,2.0,4.0,33.3,0.0,0.0,0.0,0.0
22,Artur Jędrzejczyk,Poland,Legia Warsaw,35,35.1205,35-044,0.2,0.0,0,,0.0,0.0,0.0,0.0,0.0,,0.0,0.0,0.0,0,0.0,1.0,0.0,5.0,0.0,0.0,2.0,3.0,0.0,0.0,3.0,3.0,4.0,75.0,44.0,0.0,1.0,0.0,1.0,0.0,0.0,0.0,0,0,0,0,0.0,0,0.0,0.0,0.0,,0.0,0.0,0.0,0.0
23,Axel Disasi,France,Monaco,24,24.7726,24-282,1.0,3.0,2,0.6667,1.0,2.0,0.0,2.0,2.0,0.0,0.0,0.0,0.0,3,6.0,4.0,0.0,90.0,4.0,0.0444,18.0,48.0,0.0,1.0,50.0,61.0,78.0,78.2,302.0,0.0,2.0,5.0,17.0,0.0,0.0,1.0,0,0,0,1,0.0,0,4.0,4.0,0.0,100.0,0.0,0.0,0.0,0.0
24,Aymeric Laporte,Spain,Manchester City,28,28.5616,28-205,3.3,2.0,0,0.0,2.0,0.0,1.0,0.0,1.0,100.0,0.0,0.0,0.0,3,5.0,7.0,0.0,456.0,29.0,0.0636,151.0,297.0,2.0,0.0,391.0,413.0,438.0,94.3,2489.0,1.0,26.0,14.0,14.0,0.0,3.0,2.0,1,0,3,2,0.0,0,17.0,5.0,3.0,62.5,0.0,0.0,0.0,0.0
25,Aziz Behich,Australia,Dundee United,32,32.0055,32-002,4.0,8.0,3,0.375,5.0,3.0,5.0,1.0,6.0,83.3,6.0,2.0,4.0,3,11.0,12.0,0.0,249.0,16.0,0.0643,89.0,111.0,5.0,5.0,139.0,152.0,203.0,74.9,527.0,0.0,6.0,4.0,47.0,0.0,0.0,5.0,1,0,3,3,0.0,0,22.0,2.0,2.0,50.0,0.0,0.0,0.0,0.0
26,Baba Rahman,Ghana,Reading,28,28.463,28-169,2.0,5.0,3,0.6,1.0,2.0,3.0,0.0,3.0,100.0,1.0,0.0,1.0,1,6.0,3.0,1.0,121.0,4.0,0.0331,24.0,60.0,6.0,0.0,68.0,66.0,100.0,66.0,546.0,3.0,7.0,12.0,24.0,0.0,0.0,3.0,0,0,7,1,0.0,0,6.0,2.0,4.0,33.3,0.0,0.0,0.0,0.0
27,Badr Banoun,Morocco,Qatar SC,29,29.2164,29-079,0.6,0.0,0,,0.0,0.0,0.0,0.0,0.0,,1.0,0.0,1.0,1,1.0,3.0,0.0,28.0,5.0,0.1786,20.0,8.0,0.0,1.0,19.0,21.0,22.0,95.5,110.0,0.0,0.0,1.0,1.0,0.0,0.0,0.0,0,0,2,0,0.0,0,2.0,0.0,1.0,0.0,0.0,0.0,0.0,0.0
28,Bailey Wright,Australia,Sunderland,30,30.3918,30-143,0.2,0.0,0,,0.0,0.0,0.0,0.0,0.0,,0.0,0.0,0.0,0,0.0,2.0,0.0,5.0,2.0,0.4,3.0,1.0,0.0,0.0,2.0,1.0,3.0,33.3,33.0,0.0,1.0,1.0,0.0,0.0,0.0,0.0,0,0,0,0,0.0,0,0.0,1.0,3.0,25.0,0.0,0.0,0.0,0.0
29,Bartosz Bereszyński,Poland,Sampdoria,30,30.4356,30-159,3.8,6.0,2,0.3333,6.0,0.0,3.0,3.0,6.0,50.0,4.0,1.0,3.0,2,8.0,17.0,0.0,197.0,18.0,0.0914,74.0,88.0,4.0,3.0,86.0,122.0,156.0,78.2,659.0,0.0,2.0,5.0,44.0,0.0,0.0,6.0,1,0,5,3,0.0,0,15.0,4.0,2.0,66.7,0.0,0.0,0.0,0.0
30,Bassam Al-Rawi,Qatar,Al Duhail SC,25,25.0055,25-002,1.0,0.0,0,,0.0,0.0,0.0,1.0,1.0,0.0,0.0,0.0,0.0,0,0.0,7.0,0.0,68.0,7.0,0.1029,34.0,34.0,0.0,1.0,47.0,47.0,57.0,82.5,320.0,1.0,6.0,6.0,4.0,1.0,2.0,1.0,0,0,1,2,0.0,0,3.0,1.0,0.0,100.0,0.0,0.0,0.0,0.0
31,Ben Davies,Wales,Tottenham,29,29.6521,29-238,2.6,4.0,2,0.5,0.0,2.0,2.0,0.0,2.0,100.0,4.0,2.0,2.0,1,5.0,8.0,1.0,184.0,14.0,0.0761,75.0,95.0,1.0,0.0,101.0,122.0,161.0,75.8,1096.0,0.0,10.0,12.0,25.0,0.0,5.0,7.0,0,0,1,3,0.0,0,20.0,7.0,4.0,63.6,0.0,0.0,0.0,0.0
32,Benjamin Pavard,France,Bayern Munich,26,26.726,26-265,1.0,0.0,0,,0.0,0.0,0.0,0.0,0.0,,3.0,0.0,3.0,1,1.0,0.0,0.0,94.0,0.0,0.0,20.0,63.0,0.0,0.0,72.0,82.0,90.0,91.1,249.0,0.0,10.0,3.0,6.0,0.0,1.0,0.0,0,0,0,0,0.0,0,5.0,0.0,0.0,,0.0,0.0,0.0,0.0
33,Borna Barišić,Croatia,Rangers,30,30.1041,30-038,1.3,1.0,1,1.0,0.0,1.0,1.0,0.0,1.0,100.0,1.0,0.0,1.0,0,1.0,4.0,0.0,81.0,5.0,0.0617,22.0,41.0,1.0,0.0,44.0,50.0,69.0,72.5,290.0,1.0,2.0,3.0,13.0,0.0,0.0,0.0,1,0,5,2,0.0,0,3.0,6.0,2.0,75.0,0.0,0.0,0.0,0.0
34,Borna Sosa,Croatia,Stuttgart,24,24.9068,24-331,4.7,14.0,6,0.4286,9.0,3.0,10.0,2.0,12.0,83.3,4.0,0.0,4.0,2,16.0,18.0,0.0,333.0,18.0,0.0541,106.0,138.0,6.0,3.0,216.0,220.0,278.0,79.1,1123.0,2.0,11.0,9.0,40.0,0.0,1.0,5.0,0,0,4,2,0.0,0,14.0,4.0,4.0,50.0,1.0,0.0,0.0,0.0
35,Boualem Khoukhi,Qatar,Al Sadd SC,32,32.4438,32-162,3.0,2.0,2,1.0,2.0,0.0,1.0,1.0,2.0,50.0,6.0,2.0,4.0,3,5.0,18.0,1.0,232.0,52.0,0.2241,151.0,77.0,2.0,1.0,155.0,169.0,197.0,85.8,1402.0,0.0,2.0,4.0,12.0,0.0,1.0,1.0,0,0,1,5,0.0,0,16.0,6.0,7.0,46.2,0.0,0.0,0.0,0.0
36,Bryan Oviedo,Costa Rica,Real Salt Lake,32,32.8301,32-303,2.9,6.0,5,0.8333,3.0,2.0,4.0,2.0,6.0,66.7,3.0,1.0,2.0,3,9.0,7.0,0.0,112.0,12.0,0.1071,49.0,42.0,1.0,0.0,60.0,67.0,89.0,75.3,339.0,0.0,1.0,3.0,10.0,0.0,0.0,5.0,0,0,2,4,0.0,0,14.0,2.0,0.0,100.0,0.0,0.0,0.0,0.0
37,Cameron Carter-Vickers,United States,Celtic,24,24.9644,24-352,1.0,0.0,0,,0.0,0.0,0.0,0.0,0.0,,1.0,0.0,1.0,0,0.0,4.0,0.0,64.0,9.0,0.1406,33.0,30.0,0.0,0.0,42.0,50.0,58.0,86.2,356.0,0.0,4.0,2.0,4.0,0.0,1.0,0.0,0,0,0,1,0.0,0,4.0,4.0,4.0,50.0,0.0,0.0,0.0,0.0
38,Carlos Martínez,Costa Rica,AD San Carlos,23,23.7205,23-263,0.5,1.0,1,1.0,0.0,1.0,1.0,1.0,2.0,50.0,1.0,0.0,1.0,1,2.0,1.0,0.0,20.0,2.0,0.1,9.0,9.0,1.0,1.0,8.0,10.0,15.0,66.7,109.0,0.0,0.0,0.0,6.0,0.0,0.0,0.0,0,0,1,0,0.0,0,3.0,1.0,0.0,100.0,0.0,0.0,0.0,0.0
39,Chris Mepham,Wales,Bournemouth,25,25.1178,25-043,3.0,8.0,6,0.75,3.0,5.0,5.0,1.0,6.0,83.3,3.0,2.0,1.0,1,9.0,16.0,0.0,199.0,22.0,0.1106,91.0,99.0,0.0,0.0,130.0,141.0,172.0,82.0,890.0,2.0,7.0,9.0,5.0,0.0,0.0,0.0,1,0,7,1,0.0,0,8.0,7.0,2.0,77.8,0.0,0.0,0.0,0.0
40,Christopher Wooh,Cameroon,Rennes,21,21.2493,21-091,1.0,1.0,0,0.0,0.0,1.0,1.0,1.0,2.0,50.0,3.0,2.0,1.0,1,2.0,6.0,0.0,45.0,8.0,0.1778,25.0,18.0,1.0,2.0,28.0,25.0,31.0,80.6,119.0,0.0,0.0,1.0,4.0,0.0,0.0,0.0,0,0,2,0,0.0,0,0.0,0.0,0.0,,0.0,0.0,0.0,0.0
41,Collins Fai,Cameroon,Al-Ta'ee,30,30.3479,30-127,3.0,5.0,2,0.4,2.0,2.0,3.0,3.0,6.0,50.0,2.0,0.0,2.0,4,9.0,7.0,0.0,169.0,8.0,0.0473,50.0,84.0,1.0,0.0,86.0,99.0,146.0,67.8,811.0,2.0,14.0,6.0,28.0,1.0,1.0,4.0,2,0,4,4,0.0,0,21.0,1.0,1.0,50.0,0.0,0.0,0.0,0.0
42,Connor Roberts,Wales,Burnley,27,27.2356,27-086,2.2,3.0,3,1.0,2.0,1.0,2.0,1.0,3.0,66.7,2.0,2.0,0.0,1,4.0,7.0,0.0,138.0,8.0,0.058,39.0,61.0,0.0,0.0,81.0,92.0,118.0,78.0,686.0,1.0,3.0,7.0,19.0,0.0,0.0,3.0,0,0,0,1,0.0,0,8.0,1.0,1.0,50.0,1.0,0.0,0.0,0.0
43,Cristian Romero,Argentina,Tottenham,24,24.6438,24-235,6.1,5.0,3,0.6,4.0,1.0,4.0,4.0,8.0,50.0,6.0,4.0,2.0,4,9.0,26.0,0.0,428.0,43.0,0.1005,204.0,213.0,5.0,1.0,292.0,337.0,375.0,89.9,2109.0,0.0,12.0,11.0,11.0,0.0,2.0,1.0,2,0,12,3,0.0,0,35.0,12.0,8.0,60.0,0.0,0.0,0.0,0.0
44,César Azpilicueta,Spain,Chelsea,33,33.3068,33-112,1.5,1.0,0,0.0,1.0,0.0,0.0,0.0,0.0,,2.0,0.0,2.0,1,2.0,0.0,0.0,185.0,1.0,0.0054,25.0,136.0,1.0,1.0,149.0,171.0,181.0,94.5,704.0,4.0,13.0,8.0,18.0,1.0,0.0,1.0,0,0,2,0,0.0,0,5.0,2.0,2.0,50.0,0.0,0.0,0.0,0.0
45,César Montes,Mexico,Monterrey,25,25.8137,25-297,3.0,6.0,3,0.5,2.0,4.0,3.0,0.0,3.0,100.0,0.0,0.0,0.0,2,8.0,11.0,0.0,222.0,19.0,0.0856,99.0,114.0,2.0,0.0,158.0,159.0,197.0,80.7,957.0,1.0,10.0,8.0,3.0,0.0,3.0,3.0,0,0,4,0,0.0,0,13.0,7.0,5.0,58.3,0.0,0.0,0.0,0.0
46,Daley Blind,Netherlands,Ajax,32,32.7781,32-284,4.7,14.0,9,0.6429,6.0,5.0,6.0,3.0,9.0,66.7,6.0,1.0,5.0,5,19.0,4.0,0.0,339.0,6.0,0.0177,65.0,190.0,2.0,1.0,230.0,252.0,300.0,84.0,1503.0,2.0,25.0,21.0,34.0,0.0,2.0,1.0,0,0,3,1,0.0,0,24.0,5.0,7.0,41.7,0.0,0.0,0.0,0.0
47,Dani Alves,Brazil,UNAM,39,39.6192,39-226,1.3,5.0,4,0.8,2.0,2.0,2.0,3.0,5.0,40.0,1.0,1.0,0.0,2,7.0,2.0,0.0,113.0,4.0,0.0354,22.0,60.0,1.0,2.0,71.0,83.0,97.0,85.6,429.0,0.0,7.0,5.0,15.0,0.0,0.0,0.0,0,0,5,2,0.0,0,9.0,1.0,1.0,50.0,0.0,0.0,0.0,0.0
48,Dani Carvajal,Spain,Real Madrid,30,30.9342,30-341,1.5,1.0,1,1.0,1.0,0.0,0.0,2.0,2.0,0.0,0.0,0.0,0.0,2,3.0,1.0,0.0,137.0,3.0,0.0219,32.0,82.0,1.0,0.0,91.0,121.0,135.0,89.6,425.0,0.0,9.0,3.0,26.0,0.0,0.0,4.0,0,0,0,1,0.0,0,9.0,0.0,1.0,0.0,0.0,0.0,0.0,0.0
49,Daniel Amartey,Ghana,Leicester City,27,27.9918,27-362,2.8,6.0,4,0.6667,5.0,1.0,2.0,0.0,2.0,100.0,4.0,3.0,1.0,3,9.0,12.0,0.0,172.0,25.0,0.1453,102.0,67.0,0.0,1.0,118.0,128.0,141.0,90.8,1088.0,3.0,10.0,8.0,5.0,0.0,1.0,3.0,2,0,3,1,0.0,0,15.0,5.0,4.0,55.6,0.0,0.0,0.0,0.0
50,Danilo,Brazil,Juventus,31,31.4274,31-156,3.1,5.0,2,0.4,2.0,2.0,2.0,1.0,3.0,66.7,2.0,1.0,1.0,3,8.0,5.0,1.0,289.0,10.0,0.0346,69.0,177.0,2.0,1.0,214.0,230.0,269.0,85.5,986.0,0.0,21.0,16.0,23.0,0.0,2.0,2.0,1,0,3,1,0.0,0,17.0,4.0,1.0,80.0,0.0,0.0,0.0,0.0
51,Danilo Pereira,Portugal,Paris S-G,31,31.274,31-100,1.0,2.0,2,1.0,1.0,1.0,2.0,0.0,2.0,100.0,1.0,1.0,0.0,3,5.0,3.0,1.0,87.0,8.0,0.092,43.0,44.0,1.0,1.0,65.0,68.0,78.0,87.2,488.0,0.0,4.0,3.0,2.0,0.0,1.0,1.0,1,0,1,2,0.0,0,4.0,5.0,1.0,83.3,0.0,0.0,0.0,0.0
52,Darko Lazović,Serbia,Hellas Verona,32,32.2575,32-094,0.3,0.0,0,,0.0,0.0,0.0,0.0,0.0,,0.0,0.0,0.0,0,0.0,0.0,0.0,14.0,0.0,0.0,4.0,7.0,1.0,0.0,8.0,7.0,12.0,58.3,19.0,0.0,0.0,0.0,0.0,0.0,0.0,1.0,0,0,0,1,0.0,0,0.0,0.0,0.0,,0.0,0.0,0.0,0.0
53,David Raum,Germany,RB Leipzig,24,24.6575,24-240,2.7,6.0,3,0.5,4.0,1.0,3.0,3.0,6.0,50.0,10.0,1.0,9.0,7,13.0,2.0,0.0,229.0,4.0,0.0175,49.0,85.0,5.0,3.0,138.0,153.0,195.0,78.5,741.0,7.0,9.0,13.0,40.0,0.0,1.0,3.0,0,0,5,3,0.0,0,12.0,5.0,3.0,62.5,1.0,0.0,1.0,0.0
54,Dayot Upamecano,France,Bayern Munich,24,24.1425,24-052,5.3,11.0,7,0.6364,10.0,1.0,6.0,0.0,6.0,100.0,5.0,4.0,1.0,6,17.0,13.0,0.0,393.0,26.0,0.0662,158.0,234.0,1.0,1.0,291.0,314.0,351.0,89.5,2194.0,2.0,28.0,19.0,5.0,0.0,7.0,3.0,0,0,4,3,1.0,0,33.0,7.0,7.0,50.0,0.0,0.0,0.0,0.0
55,DeAndre Yedlin,United States,Inter Miami,29,29.4438,29-162,0.4,2.0,1,0.5,1.0,1.0,2.0,0.0,2.0,100.0,0.0,0.0,0.0,0,2.0,2.0,0.0,32.0,2.0,0.0625,8.0,10.0,1.0,0.0,15.0,19.0,28.0,67.9,115.0,0.0,1.0,0.0,5.0,0.0,0.0,0.0,0,0,2,0,0.0,0,1.0,1.0,0.0,100.0,0.0,0.0,0.0,0.0
56,Dejan Lovren,Croatia,Zenit,33,33.4548,33-166,6.7,7.0,2,0.2857,5.0,1.0,3.0,2.0,5.0,60.0,7.0,5.0,2.0,6,13.0,29.0,0.0,515.0,55.0,0.1068,243.0,264.0,1.0,0.0,381.0,405.0,460.0,88.0,2519.0,1.0,14.0,16.0,15.0,0.0,9.0,4.0,1,0,2,5,0.0,0,31.0,17.0,6.0,73.9,0.0,0.0,0.0,0.0
57,Denis Odoi,Ghana,Club Brugge,34,34.5616,34-205,0.1,1.0,0,0.0,1.0,0.0,1.0,0.0,1.0,100.0,2.0,2.0,0.0,0,1.0,2.0,0.0,7.0,5.0,0.7143,5.0,2.0,0.0,0.0,1.0,2.0,2.0,100.0,16.0,0.0,0.0,0.0,1.0,0.0,0.0,0.0,0,0,0,0,0.0,0,0.0,0.0,4.0,0.0,0.0,0.0,0.0,0.0
58,Denzel Dumfries,Netherlands,Inter,26,26.6685,26-244,5.3,8.0,5,0.625,7.0,1.0,5.0,1.0,6.0,83.3,5.0,1.0,4.0,7,15.0,6.0,0.0,274.0,7.0,0.0255,54.0,132.0,13.0,7.0,169.0,149.0,217.0,68.7,742.0,2.0,7.0,15.0,50.0,0.0,0.0,8.0,2,1,17,7,1.0,0,16.0,9.0,10.0,47.4,0.0,0.0,0.0,0.0
59,Diego Godín,Uruguay,Vélez Sarsf,36,36.8356,36-305,1.7,0.0,0,,0.0,0.0,0.0,0.0,0.0,,0.0,0.0,0.0,1,1.0,9.0,0.0,116.0,5.0,0.0431,43.0,72.0,0.0,0.0,78.0,87.0,103.0,84.5,515.0,0.0,7.0,3.0,2.0,0.0,0.0,0.0,0,0,0,1,0.0,0,6.0,8.0,2.0,80.0,0.0,0.0,0.0,0.0
60,Diogo Dalot,Portugal,Manchester Utd,23,23.7534,23-275,2.9,8.0,6,0.75,7.0,1.0,8.0,0.0,8.0,100.0,7.0,2.0,5.0,2,10.0,1.0,0.0,172.0,7.0,0.0407,45.0,80.0,2.0,1.0,104.0,112.0,147.0,76.2,522.0,4.0,7.0,7.0,19.0,0.0,2.0,2.0,0,0,1,1,0.0,0,13.0,6.0,3.0,66.7,1.0,0.0,0.0,0.0
61,Dylan Bronn,Tunisia,Salernitana,27,27.4986,27-182,1.8,4.0,2,0.5,1.0,2.0,3.0,0.0,3.0,100.0,2.0,1.0,1.0,0,4.0,0.0,0.0,104.0,2.0,0.0192,40.0,53.0,0.0,2.0,70.0,75.0,98.0,76.5,393.0,0.0,4.0,5.0,8.0,1.0,1.0,2.0,0,0,1,1,0.0,0,7.0,2.0,4.0,33.3,0.0,0.0,0.0,0.0
62,Eduardo Camavinga,France,Real Madrid,20,20.1041,20-038,1.6,14.0,9,0.6429,7.0,5.0,4.0,1.0,5.0,80.0,4.0,0.0,4.0,3,17.0,6.0,0.0,138.0,10.0,0.0725,41.0,62.0,3.0,3.0,75.0,88.0,100.0,88.0,421.0,3.0,3.0,3.0,13.0,0.0,0.0,3.0,0,0,2,8,0.0,0,15.0,2.0,0.0,100.0,0.0,1.0,0.0,0.0
63,Enzo Ebosse,Cameroon,Udinese,23,23.7726,23-282,1.0,4.0,2,0.5,4.0,0.0,1.0,0.0,1.0,100.0,1.0,0.0,1.0,0,4.0,5.0,0.0,49.0,9.0,0.1837,28.0,21.0,0.0,0.0,29.0,34.0,38.0,89.5,283.0,0.0,2.0,2.0,5.0,0.0,0.0,1.0,0,0,0,0,0.0,0,1.0,2.0,0.0,100.0,0.0,0.0,0.0,0.0
64,Eray Cömert,Switzerland,Valencia,24,24.8685,24-317,0.5,0.0,0,,0.0,0.0,0.0,1.0,1.0,0.0,1.0,0.0,1.0,2,2.0,2.0,0.0,50.0,5.0,0.1,32.0,19.0,1.0,0.0,37.0,38.0,42.0,90.5,254.0,0.0,1.0,1.0,1.0,0.0,0.0,0.0,1,0,3,1,0.0,0,4.0,0.0,0.0,,0.0,0.0,0.0,0.0
65,Eric Dier,England,Tottenham,28,28.9233,28-337,0.4,1.0,1,1.0,0.0,1.0,0.0,0.0,0.0,,0.0,0.0,0.0,0,1.0,0.0,0.0,44.0,2.0,0.0455,22.0,23.0,0.0,0.0,35.0,40.0,41.0,97.6,318.0,0.0,1.0,0.0,1.0,0.0,0.0,0.0,0,0,1,0,0.0,0,3.0,1.0,1.0,50.0,0.0,0.0,0.0,0.0
66,Fabian Schär,Switzerland,Newcastle Utd,30,30.9945,30-363,1.5,2.0,1,0.5,1.0,1.0,1.0,0.0,1.0,100.0,1.0,1.0,0.0,2,4.0,7.0,0.0,100.0,14.0,0.14,50.0,48.0,1.0,1.0,56.0,65.0,82.0,79.3,444.0,0.0,4.0,2.0,8.0,0.0,4.0,0.0,2,0,1,2,0.0,0,7.0,4.0,4.0,50.0,0.0,0.0,0.0,0.0
67,Filip Kostić,Serbia,Juventus,30,30.1288,30-047,2.0,6.0,3,0.5,2.0,1.0,2.0,0.0,2.0,100.0,3.0,0.0,3.0,0,6.0,1.0,0.0,130.0,2.0,0.0154,18.0,57.0,3.0,1.0,72.0,72.0,113.0,63.7,416.0,1.0,3.0,6.0,24.0,1.0,0.0,5.0,0,0,3,1,0.0,0,12.0,0.0,0.0,,0.0,0.0,0.0,0.0
68,Filip Mladenović,Serbia,Legia Warsaw,31,31.3425,31-125,0.7,0.0,0,,0.0,0.0,0.0,2.0,2.0,0.0,1.0,0.0,1.0,0,0.0,1.0,0.0,29.0,1.0,0.0345,8.0,14.0,1.0,0.0,14.0,20.0,25.0,80.0,95.0,0.0,2.0,1.0,7.0,0.0,0.0,1.0,0,0,0,0,0.0,0,4.0,1.0,0.0,100.0,0.0,0.0,0.0,0.0
69,Fodé Ballo-Touré,Senegal,Milan,25,25.9562,25-349,0.1,0.0,0,,0.0,0.0,0.0,0.0,0.0,,1.0,0.0,1.0,0,0.0,0.0,0.0,10.0,0.0,0.0,1.0,7.0,0.0,0.0,6.0,5.0,8.0,62.5,3.0,0.0,0.0,0.0,1.0,0.0,0.0,1.0,0,0,0,0,0.0,0,0.0,1.0,0.0,100.0,0.0,0.0,0.0,0.0
70,Fran Karačić,Australia,Brescia,26,26.6027,26-220,1.0,2.0,1,0.5,2.0,0.0,1.0,0.0,1.0,100.0,2.0,1.0,1.0,2,4.0,3.0,0.0,69.0,6.0,0.087,24.0,31.0,1.0,0.0,22.0,33.0,54.0,61.1,350.0,1.0,5.0,7.0,11.0,0.0,0.0,1.0,0,0,3,0,0.0,0,9.0,4.0,4.0,50.0,0.0,0.0,0.0,0.0
71,Francisco Calvo,Costa Rica,Konyaspor,30,30.4466,30-163,2.0,7.0,4,0.5714,6.0,1.0,4.0,3.0,7.0,57.1,3.0,1.0,2.0,2,9.0,2.0,0.0,121.0,8.0,0.0661,76.0,43.0,4.0,1.0,76.0,86.0,104.0,82.7,601.0,0.0,4.0,5.0,11.0,0.0,3.0,0.0,2,0,6,0,0.0,0,12.0,2.0,1.0,66.7,0.0,0.0,0.0,0.0
72,Félix Torres Caicedo,Ecuador,Santos,25,25.9342,25-341,3.0,2.0,2,1.0,2.0,0.0,2.0,1.0,3.0,66.7,3.0,2.0,1.0,4,6.0,10.0,0.0,233.0,21.0,0.0901,139.0,90.0,2.0,0.0,155.0,168.0,208.0,80.8,1317.0,1.0,3.0,2.0,10.0,0.0,1.0,3.0,0,0,1,0,0.0,0,17.0,9.0,4.0,69.2,0.0,1.0,0.0,0.0
73,Germán Pezzella,Argentina,Betis,31,31.4767,31-174,0.7,0.0,0,,0.0,0.0,0.0,0.0,0.0,,0.0,0.0,0.0,0,0.0,0.0,0.0,47.0,0.0,0.0,10.0,36.0,0.0,0.0,40.0,42.0,45.0,93.3,234.0,0.0,1.0,1.0,1.0,0.0,0.0,0.0,1,0,2,2,0.0,0,1.0,0.0,6.0,0.0,0.0,0.0,0.0,0.0
74,Gideon Mensah,Ghana,Auxerre,24,24.4192,24-153,1.0,1.0,1,1.0,0.0,1.0,1.0,0.0,1.0,100.0,1.0,1.0,0.0,2,3.0,5.0,0.0,59.0,6.0,0.1017,23.0,25.0,2.0,1.0,29.0,36.0,46.0,78.3,202.0,1.0,2.0,3.0,7.0,0.0,1.0,0.0,0,0,0,0,0.0,0,4.0,4.0,2.0,66.7,0.0,0.0,0.0,0.0
75,Gleison Bremer,Brazil,Juventus,25,25.7534,25-275,1.2,1.0,1,1.0,1.0,0.0,0.0,1.0,1.0,0.0,1.0,0.0,1.0,1,2.0,6.0,0.0,95.0,12.0,0.1263,56.0,36.0,1.0,0.0,68.0,78.0,84.0,92.9,438.0,0.0,1.0,1.0,2.0,0.0,0.0,0.0,0,0,2,0,0.0,0,9.0,5.0,0.0,100.0,0.0,0.0,0.0,0.0
76,Gonzalo Montiel,Argentina,Sevilla,25,25.9616,25-351,1.3,3.0,2,0.6667,2.0,1.0,2.0,2.0,4.0,50.0,1.0,0.0,1.0,1,4.0,1.0,0.0,95.0,2.0,0.0211,23.0,49.0,3.0,2.0,68.0,69.0,81.0,85.2,307.0,3.0,4.0,2.0,12.0,0.0,0.0,4.0,3,0,4,2,1.0,0,3.0,1.0,2.0,33.3,0.0,0.0,0.0,0.0
77,Guillermo Varela,Uruguay,Flamengo,29,29.737,29-269,2.0,3.0,2,0.6667,2.0,1.0,3.0,1.0,4.0,75.0,1.0,0.0,1.0,3,6.0,1.0,0.0,109.0,2.0,0.0183,29.0,57.0,2.0,1.0,66.0,62.0,92.0,67.4,465.0,1.0,3.0,6.0,20.0,0.0,1.0,2.0,0,0,3,8,0.0,0,8.0,1.0,2.0,33.3,1.0,0.0,0.0,0.0
78,Harry Maguire,England,Manchester Utd,29,29.789,29-288,4.8,7.0,3,0.4286,4.0,3.0,1.0,1.0,2.0,50.0,4.0,3.0,1.0,4,11.0,18.0,0.0,445.0,28.0,0.0629,204.0,224.0,0.0,0.0,344.0,354.0,407.0,87.0,2340.0,1.0,23.0,19.0,16.0,0.0,5.0,3.0,1,0,6,2,0.0,0,17.0,15.0,5.0,75.0,1.0,1.0,0.0,0.0
79,Harry Souttar,Australia,Stoke City,24,24.1562,24-057,4.0,4.0,0,0.0,3.0,1.0,2.0,1.0,3.0,66.7,7.0,4.0,3.0,6,10.0,22.0,0.0,213.0,37.0,0.1737,143.0,68.0,1.0,0.0,128.0,138.0,167.0,82.6,1257.0,1.0,9.0,5.0,4.0,0.0,2.0,1.0,0,0,1,1,0.0,0,17.0,14.0,7.0,66.7,0.0,0.0,0.0,0.0
80,Hassan Al Tambakti,Saudi Arabia,Al-Shabab,23,23.8548,23-312,2.0,4.0,2,0.5,3.0,1.0,3.0,2.0,5.0,60.0,3.0,2.0,1.0,3,7.0,6.0,0.0,75.0,17.0,0.2267,43.0,31.0,0.0,0.0,34.0,40.0,55.0,72.7,326.0,0.0,1.0,3.0,6.0,0.0,1.0,1.0,1,0,2,5,0.0,0,9.0,1.0,1.0,50.0,0.0,0.0,0.0,0.0
81,Hiroki Ito,Japan,Stuttgart,23,23.6027,23-220,0.5,0.0,0,,0.0,0.0,0.0,0.0,0.0,,0.0,0.0,0.0,0,0.0,0.0,0.0,64.0,0.0,0.0,9.0,48.0,0.0,0.0,51.0,58.0,63.0,92.1,257.0,1.0,8.0,5.0,2.0,0.0,1.0,0.0,0,0,3,0,0.0,0,2.0,1.0,0.0,100.0,0.0,0.0,0.0,0.0
82,Homam Ahmed,Qatar,Al-Gharafa Sports Club,23,23.3151,23-115,2.9,2.0,2,1.0,2.0,0.0,1.0,2.0,3.0,33.3,0.0,0.0,0.0,2,4.0,1.0,0.0,115.0,3.0,0.0261,27.0,56.0,4.0,2.0,67.0,77.0,105.0,73.3,182.0,2.0,1.0,2.0,23.0,0.0,2.0,6.0,1,0,5,8,0.0,0,14.0,5.0,2.0,71.4,0.0,0.0,0.0,0.0
83,Hong Chul,Korea Republic,Daegu,32,32.2521,32-092,0.5,0.0,0,,0.0,0.0,0.0,0.0,0.0,,2.0,1.0,1.0,1,1.0,1.0,0.0,24.0,2.0,0.0833,6.0,9.0,0.0,0.0,15.0,17.0,20.0,85.0,102.0,1.0,2.0,3.0,2.0,0.0,2.0,0.0,0,0,0,0,0.0,0,2.0,1.0,0.0,100.0,0.0,0.0,0.0,0.0
84,Hossein Kanaanizadegan,IR Iran,Al Ahli SC,28,28.7397,28-270,0.5,0.0,0,,0.0,0.0,0.0,2.0,2.0,0.0,1.0,1.0,0.0,1,1.0,2.0,0.0,15.0,2.0,0.1333,10.0,5.0,0.0,0.0,7.0,8.0,11.0,72.7,121.0,0.0,0.0,0.0,1.0,0.0,0.0,0.0,1,0,0,1,0.0,0,1.0,0.0,0.0,,0.0,0.0,0.0,0.0
85,Héctor Moreno,Mexico,Monterrey,34,34.9178,34-335,3.0,2.0,1,0.5,2.0,0.0,1.0,0.0,1.0,100.0,2.0,1.0,1.0,1,3.0,4.0,0.0,210.0,12.0,0.0571,73.0,133.0,2.0,1.0,150.0,165.0,195.0,84.6,1087.0,1.0,20.0,13.0,16.0,0.0,2.0,0.0,1,0,3,3,1.0,0,14.0,5.0,8.0,38.5,0.0,0.0,0.0,0.0
86,Ibrahima Konaté,France,Liverpool,23,23.5671,23-207,3.3,15.0,6,0.4,11.0,4.0,5.0,0.0,5.0,100.0,5.0,2.0,3.0,7,22.0,16.0,0.0,283.0,26.0,0.0919,111.0,171.0,3.0,2.0,205.0,216.0,236.0,91.5,1538.0,2.0,22.0,15.0,10.0,1.0,1.0,1.0,0,0,2,4,0.0,0,14.0,5.0,1.0,83.3,0.0,1.0,0.0,0.0
87,Ismail Jakobs,Senegal,Monaco,23,23.337,23-123,3.1,0.0,0,,0.0,0.0,0.0,1.0,1.0,0.0,3.0,0.0,3.0,4,4.0,14.0,0.0,184.0,7.0,0.038,61.0,78.0,2.0,1.0,85.0,107.0,156.0,68.6,708.0,5.0,8.0,6.0,41.0,0.0,0.0,0.0,1,0,3,6,0.0,0,9.0,8.0,3.0,72.7,0.0,0.0,0.0,0.0
88,Jackson Porozo,Ecuador,Troyes,22,22.3726,22-136,1.1,2.0,2,1.0,1.0,1.0,0.0,0.0,0.0,,1.0,0.0,1.0,3,5.0,4.0,0.0,58.0,2.0,0.0345,26.0,30.0,0.0,2.0,32.0,39.0,44.0,88.6,181.0,0.0,1.0,0.0,1.0,1.0,0.0,0.0,0,0,1,2,0.0,0,2.0,1.0,0.0,100.0,0.0,0.0,0.0,0.0
89,Jakub Kiwior,Poland,Spezia,22,22.8384,22-306,3.9,2.0,1,0.5,2.0,0.0,1.0,0.0,1.0,100.0,4.0,2.0,2.0,4,6.0,15.0,2.0,236.0,31.0,0.1314,140.0,93.0,2.0,1.0,165.0,174.0,205.0,84.9,1249.0,0.0,10.0,3.0,12.0,0.0,3.0,2.0,1,0,1,0,0.0,0,11.0,3.0,4.0,42.9,0.0,0.0,0.0,0.0
90,Jan Bednarek,Poland,Aston Villa,26,26.6849,26-250,0.1,0.0,0,,0.0,0.0,0.0,0.0,0.0,,0.0,0.0,0.0,0,0.0,0.0,0.0,6.0,0.0,0.0,1.0,5.0,0.0,0.0,3.0,6.0,6.0,100.0,53.0,0.0,1.0,0.0,0.0,0.0,0.0,0.0,0,0,0,0,0.0,0,1.0,0.0,0.0,,0.0,0.0,0.0,0.0
91,Jan Vertonghen,Belgium,Anderlecht,35,35.6521,35-238,3.0,0.0,0,,0.0,0.0,0.0,1.0,1.0,0.0,2.0,2.0,0.0,5,5.0,12.0,0.0,290.0,36.0,0.1241,169.0,116.0,0.0,0.0,234.0,238.0,269.0,88.5,1560.0,0.0,6.0,8.0,6.0,0.0,2.0,4.0,0,0,0,6,0.0,0,15.0,11.0,5.0,68.8,0.0,0.0,0.0,0.0
92,Jawad El Yamiq,Morocco,Valladolid,30,30.8,30-292,3.4,4.0,2,0.5,4.0,0.0,3.0,0.0,3.0,100.0,6.0,6.0,0.0,5,9.0,17.0,0.0,202.0,29.0,0.1436,119.0,80.0,2.0,0.0,121.0,146.0,164.0,89.0,940.0,0.0,2.0,2.0,6.0,0.0,2.0,1.0,0,0,1,4,0.0,0,20.0,6.0,1.0,85.7,0.0,0.0,0.0,0.0
93,Jean-Charles Castelletto,Cameroon,Nantes,27,27.8932,27-326,2.0,3.0,3,1.0,2.0,1.0,0.0,1.0,1.0,0.0,2.0,1.0,1.0,6,9.0,12.0,0.0,109.0,21.0,0.1927,59.0,44.0,1.0,0.0,61.0,66.0,82.0,80.5,459.0,1.0,6.0,6.0,5.0,1.0,2.0,0.0,0,0,1,1,0.0,0,9.0,3.0,1.0,75.0,0.0,0.0,0.0,0.0
94,Jesús Gallardo,Mexico,Monterrey,28,28.3425,28-125,3.0,9.0,5,0.5556,5.0,4.0,3.0,5.0,8.0,37.5,5.0,1.0,4.0,1,10.0,10.0,0.0,167.0,7.0,0.0419,55.0,76.0,5.0,0.0,76.0,93.0,134.0,69.4,416.0,1.0,9.0,4.0,22.0,0.0,0.0,4.0,0,0,4,1,0.0,0,14.0,1.0,0.0,100.0,0.0,0.0,0.0,0.0
95,Joachim Andersen,Denmark,Crystal Palace,26,26.5507,26-201,3.0,4.0,2,0.5,2.0,1.0,0.0,2.0,2.0,0.0,2.0,1.0,1.0,0,4.0,12.0,0.0,281.0,20.0,0.0712,99.0,165.0,1.0,1.0,197.0,198.0,250.0,79.2,1456.0,1.0,30.0,16.0,3.0,0.0,8.0,2.0,0,0,3,4,0.0,0,15.0,10.0,8.0,55.6,0.0,0.0,0.0,0.0
96,Joakim Mæhle,Denmark,Atalanta,25,25.5808,25-212,2.8,9.0,5,0.5556,4.0,3.0,5.0,2.0,7.0,71.4,7.0,3.0,4.0,2,11.0,6.0,0.0,185.0,6.0,0.0324,49.0,69.0,3.0,2.0,111.0,119.0,146.0,81.5,428.0,1.0,6.0,7.0,26.0,0.0,0.0,2.0,0,0,1,4,0.0,0,10.0,1.0,9.0,10.0,0.0,0.0,0.0,0.0
97,Joe Rodon,Wales,Rennes,25,25.1562,25-057,3.0,2.0,2,1.0,1.0,1.0,1.0,1.0,2.0,50.0,2.0,2.0,0.0,4,6.0,13.0,0.0,192.0,27.0,0.1406,122.0,68.0,0.0,0.0,134.0,152.0,169.0,89.9,1019.0,0.0,1.0,1.0,2.0,0.0,0.0,0.0,1,0,3,0,0.0,0,10.0,5.0,6.0,45.5,0.0,0.0,0.0,0.0
98,John Stones,England,Manchester City,28,28.5589,28-204,4.8,2.0,2,1.0,2.0,0.0,2.0,0.0,2.0,100.0,3.0,3.0,0.0,1,3.0,8.0,0.0,475.0,27.0,0.0568,209.0,257.0,1.0,0.0,403.0,435.0,454.0,95.8,2913.0,1.0,20.0,22.0,3.0,0.0,3.0,0.0,0,0,4,3,1.0,0,17.0,6.0,4.0,60.0,0.0,0.0,0.0,0.0
99,Jordi Alba,Spain,Barcelona,33,33.7452,33-272,2.9,6.0,4,0.6667,2.0,4.0,2.0,3.0,5.0,40.0,2.0,0.0,2.0,3,9.0,2.0,0.0,392.0,4.0,0.0102,62.0,223.0,4.0,0.0,305.0,328.0,372.0,88.2,1384.0,5.0,33.0,23.0,40.0,2.0,0.0,6.0,0,0,4,3,0.0,0,20.0,0.0,2.0,0.0,1.0,0.0,1.0,0.0
100,Jorge Eduardo Sánchez,Mexico,Ajax,25,25.0219,25-008,1.9,1.0,0,0.0,1.0,0.0,1.0,0.0,1.0,100.0,2.0,0.0,2.0,3,4.0,8.0,0.0,113.0,6.0,0.0531,32.0,48.0,4.0,4.0,54.0,69.0,87.0,79.3,484.0,0.0,4.0,9.0,25.0,0.0,0.0,2.0,1,0,5,1,0.0,0,6.0,3.0,2.0,60.0,0.0,0.0,0.0,0.0
101,Josip Juranović,Croatia,Celtic,27,27.3397,27-124,6.7,12.0,8,0.6667,9.0,3.0,8.0,0.0,8.0,100.0,5.0,3.0,2.0,3,15.0,15.0,0.0,450.0,33.0,0.0733,121.0,228.0,7.0,4.0,287.0,318.0,405.0,78.5,1748.0,7.0,24.0,21.0,68.0,0.0,2.0,16.0,0,0,1,6,0.0,0,40.0,2.0,4.0,33.3,0.0,0.0,0.0,0.0
102,Josip Stanišić,Croatia,Bayern Munich,22,22.7123,22-260,1.0,3.0,3,1.0,0.0,3.0,2.0,0.0,2.0,100.0,0.0,0.0,0.0,1,4.0,0.0,0.0,56.0,1.0,0.0179,16.0,29.0,0.0,0.0,29.0,36.0,49.0,73.5,129.0,0.0,0.0,1.0,9.0,0.0,1.0,4.0,0,0,1,2,0.0,0,4.0,1.0,0.0,100.0,0.0,0.0,0.0,0.0
103,Josip Šutalo,Croatia,Dinamo Zagreb,22,22.8027,22-293,1.0,0.0,0,,0.0,0.0,0.0,0.0,0.0,,1.0,1.0,0.0,0,0.0,5.0,0.0,73.0,14.0,0.1918,42.0,31.0,0.0,0.0,61.0,62.0,66.0,93.9,314.0,0.0,1.0,2.0,0.0,0.0,1.0,0.0,0,0,0,0,0.0,0,3.0,0.0,3.0,0.0,0.0,0.0,0.0,0.0
104,José María Giménez,Uruguay,Atlético Madrid,27,27.9096,27-332,3.0,4.0,1,0.25,3.0,1.0,2.0,5.0,7.0,28.6,6.0,5.0,1.0,7,11.0,11.0,0.0,213.0,26.0,0.1221,96.0,108.0,2.0,1.0,134.0,141.0,174.0,81.0,1084.0,0.0,11.0,10.0,8.0,1.0,1.0,0.0,1,0,4,3,1.0,0,13.0,8.0,3.0,72.7,0.0,0.0,0.0,0.0
105,João Cancelo,Portugal,Manchester City,28,28.5616,28-205,3.4,7.0,3,0.4286,1.0,2.0,4.0,1.0,5.0,80.0,1.0,1.0,0.0,2,9.0,8.0,0.0,311.0,8.0,0.0257,74.0,144.0,6.0,1.0,207.0,221.0,271.0,81.5,864.0,0.0,10.0,12.0,31.0,0.0,8.0,5.0,0,0,2,4,0.0,0,24.0,10.0,1.0,90.9,0.0,0.0,0.0,0.0
106,Joško Gvardiol,Croatia,RB Leipzig,20,20.9014,20-329,7.7,9.0,6,0.6667,5.0,4.0,5.0,3.0,8.0,62.5,8.0,4.0,4.0,11,20.0,37.0,0.0,601.0,84.0,0.1398,273.0,312.0,1.0,2.0,420.0,464.0,519.0,89.4,3112.0,1.0,26.0,17.0,11.0,2.0,3.0,0.0,0,0,8,6,0.0,0,48.0,3.0,5.0,37.5,1.0,0.0,0.0,0.0
107,Juan Foyth,Argentina,Villarreal,24,24.9315,24-340,0.1,0.0,0,,0.0,0.0,0.0,0.0,0.0,,0.0,0.0,0.0,0,0.0,0.0,0.0,5.0,0.0,0.0,1.0,3.0,1.0,0.0,2.0,3.0,4.0,75.0,13.0,0.0,0.0,0.0,1.0,0.0,0.0,0.0,0,0,0,0,0.0,0,0.0,0.0,0.0,,0.0,0.0,0.0,0.0
108,Juan Pablo Vargas,Costa Rica,Millonarios,27,27.5342,27-195,1.0,4.0,3,0.75,4.0,0.0,3.0,0.0,3.0,100.0,0.0,0.0,0.0,2,6.0,10.0,0.0,41.0,13.0,0.3171,32.0,8.0,1.0,0.0,14.0,19.0,24.0,79.2,223.0,0.0,0.0,0.0,6.0,0.0,0.0,0.0,0,0,0,0,0.0,0,5.0,1.0,0.0,100.0,0.0,0.0,0.0,0.0
109,Jules Koundé,France,Barcelona,24,24.0986,24-036,5.3,11.0,8,0.7273,9.0,1.0,7.0,5.0,12.0,58.3,7.0,4.0,3.0,5,16.0,8.0,0.0,352.0,17.0,0.0483,125.0,175.0,3.0,2.0,215.0,252.0,311.0,81.0,1291.0,1.0,25.0,6.0,44.0,0.0,0.0,8.0,1,0,5,2,0.0,0,25.0,5.0,8.0,38.5,0.0,0.0,0.0,0.0
110,Jurriën Timber,Netherlands,Ajax,21,21.5041,21-184,4.3,12.0,6,0.5,5.0,7.0,6.0,0.0,6.0,100.0,1.0,0.0,1.0,10,22.0,13.0,0.0,361.0,16.0,0.0443,130.0,226.0,7.0,2.0,261.0,283.0,313.0,90.4,1337.0,0.0,32.0,15.0,11.0,2.0,0.0,0.0,1,0,17,4,0.0,0,30.0,4.0,3.0,57.1,0.0,0.0,0.0,0.0
111,Kalidou Koulibaly,Senegal,Chelsea,31,31.4959,31-181,4.0,12.0,9,0.75,10.0,2.0,7.0,4.0,11.0,63.6,4.0,1.0,3.0,2,14.0,30.0,0.0,260.0,48.0,0.1846,151.0,108.0,1.0,1.0,140.0,156.0,205.0,76.1,1327.0,1.0,12.0,9.0,20.0,0.0,4.0,3.0,1,0,3,3,0.0,0,28.0,11.0,5.0,68.8,0.0,0.0,0.0,0.0
112,Kamal Miller,Canada,CF Montréal,25,25.5918,25-216,3.0,6.0,4,0.6667,5.0,1.0,2.0,1.0,3.0,66.7,1.0,1.0,0.0,4,10.0,11.0,1.0,229.0,18.0,0.0786,97.0,126.0,1.0,1.0,173.0,186.0,205.0,90.7,1385.0,0.0,21.0,10.0,9.0,0.0,0.0,1.0,1,0,0,3,0.0,0,14.0,7.0,5.0,58.3,0.0,0.0,0.0,0.0
113,Kamil Glik,Poland,Benevento,34,34.8712,34-318,4.0,2.0,1,0.5,1.0,1.0,2.0,1.0,3.0,66.7,2.0,1.0,1.0,3,5.0,23.0,0.0,167.0,29.0,0.1737,92.0,70.0,0.0,0.0,105.0,118.0,130.0,90.8,657.0,0.0,2.0,1.0,5.0,0.0,0.0,0.0,0,0,2,0,0.0,0,11.0,4.0,3.0,57.1,0.0,0.0,0.0,0.0
114,Kendall Waston,Costa Rica,Deportivo Saprissa,34,34.9616,34-351,2.5,7.0,4,0.5714,6.0,1.0,3.0,1.0,4.0,75.0,2.0,1.0,1.0,5,12.0,14.0,0.0,107.0,30.0,0.2804,75.0,28.0,1.0,1.0,59.0,57.0,71.0,80.3,437.0,0.0,1.0,0.0,2.0,0.0,0.0,0.0,0,0,1,0,0.0,0,10.0,4.0,3.0,57.1,0.0,0.0,0.0,0.0
115,Kevin Álvarez,Mexico,Pachuca,23,23.9233,23-337,0.8,1.0,0,0.0,1.0,0.0,1.0,0.0,1.0,100.0,2.0,0.0,2.0,1,2.0,2.0,0.0,38.0,1.0,0.0263,10.0,12.0,0.0,1.0,16.0,19.0,29.0,65.5,76.0,0.0,1.0,2.0,9.0,0.0,0.0,1.0,0,0,0,1,0.0,0,4.0,0.0,2.0,0.0,0.0,0.0,0.0,0.0
116,Keysher Fuller,Costa Rica,Club Sport Herediano,28,28.4384,28-160,2.8,4.0,4,1.0,3.0,1.0,3.0,4.0,7.0,42.9,2.0,0.0,2.0,3,7.0,9.0,0.0,92.0,11.0,0.1196,38.0,36.0,4.0,1.0,47.0,44.0,63.0,69.8,194.0,1.0,2.0,1.0,8.0,0.0,0.0,2.0,0,0,2,4,0.0,0,11.0,0.0,1.0,0.0,0.0,0.0,0.0,0.0
117,Kieran Trippier,England,Newcastle Utd,32,32.2466,32-090,2.3,6.0,4,0.6667,4.0,2.0,5.0,1.0,6.0,83.3,3.0,1.0,2.0,1,7.0,4.0,0.0,205.0,5.0,0.0244,53.0,111.0,1.0,1.0,133.0,165.0,195.0,84.6,762.0,3.0,11.0,13.0,39.0,0.0,1.0,3.0,0,0,1,0,0.0,0,11.0,4.0,1.0,80.0,0.0,0.0,0.0,0.0
118,Kim Jin-su,Korea Republic,Jeonbuk,30,30.5151,30-188,3.5,10.0,5,0.5,6.0,2.0,5.0,1.0,6.0,83.3,2.0,0.0,2.0,3,13.0,5.0,0.0,175.0,9.0,0.0514,50.0,60.0,4.0,0.0,97.0,105.0,146.0,71.9,672.0,5.0,5.0,7.0,31.0,0.0,0.0,4.0,0,0,1,6,0.0,0,12.0,10.0,4.0,71.4,0.0,1.0,0.0,0.0
119,Kim Min-jae,Korea Republic,Napoli,26,26.0904,26-033,3.0,2.0,1,0.5,2.0,0.0,1.0,0.0,1.0,100.0,5.0,1.0,4.0,2,4.0,8.0,0.0,213.0,29.0,0.1362,91.0,102.0,1.0,0.0,153.0,167.0,191.0,87.4,1234.0,0.0,19.0,10.0,0.0,0.0,6.0,2.0,0,0,0,0,0.0,0,14.0,10.0,1.0,90.9,0.0,0.0,0.0,0.0
120,Kim Moonhwan,Korea Republic,Jeonbuk,27,27.3808,27-139,4.0,9.0,4,0.4444,6.0,2.0,5.0,1.0,6.0,83.3,3.0,1.0,2.0,4,13.0,16.0,0.0,289.0,17.0,0.0588,76.0,118.0,6.0,2.0,157.0,201.0,242.0,83.1,1077.0,3.0,14.0,8.0,45.0,0.0,0.0,4.0,0,0,1,0,0.0,0,16.0,6.0,3.0,66.7,0.0,0.0,0.0,0.0
121,Kim Young-gwon,Korea Republic,Ulsan Hyundai,32,32.8055,32-294,3.9,3.0,2,0.6667,3.0,0.0,1.0,1.0,2.0,50.0,3.0,2.0,1.0,3,6.0,11.0,0.0,232.0,27.0,0.1164,119.0,107.0,0.0,0.0,172.0,178.0,209.0,85.2,1720.0,3.0,17.0,18.0,7.0,0.0,7.0,0.0,1,0,1,2,0.0,0,13.0,6.0,2.0,75.0,0.0,0.0,0.0,0.0
122,Ko Itakura,Japan,M'Gladbach,25,25.8904,25-325,3.0,9.0,5,0.5556,4.0,4.0,3.0,1.0,4.0,75.0,1.0,0.0,1.0,4,13.0,16.0,0.0,150.0,20.0,0.1333,63.0,80.0,4.0,1.0,91.0,98.0,111.0,88.3,494.0,1.0,7.0,1.0,2.0,1.0,0.0,1.0,2,0,5,0,0.0,0,13.0,0.0,2.0,0.0,0.0,0.0,0.0,0.0
123,Kwon Kyung-won,Korea Republic,Gamba Osaka,30,30.8795,30-321,1.0,0.0,0,,0.0,0.0,0.0,0.0,0.0,,1.0,1.0,0.0,2,2.0,5.0,0.0,53.0,11.0,0.2075,30.0,21.0,0.0,0.0,36.0,39.0,43.0,90.7,216.0,0.0,1.0,2.0,2.0,0.0,0.0,0.0,0,0,0,3,0.0,0,2.0,2.0,2.0,50.0,0.0,0.0,0.0,0.0
124,Kye Rowles,Australia,Hearts,24,24.4849,24-177,4.0,8.0,2,0.25,5.0,3.0,4.0,3.0,7.0,57.1,9.0,7.0,2.0,7,15.0,16.0,1.0,231.0,43.0,0.1861,170.0,59.0,1.0,0.0,147.0,165.0,187.0,88.2,1025.0,0.0,2.0,1.0,6.0,0.0,1.0,3.0,0,0,1,2,0.0,0,12.0,4.0,2.0,66.7,0.0,0.0,0.0,0.0
125,Kyle Walker,England,Manchester City,32,32.5589,32-204,2.6,3.0,1,0.3333,2.0,1.0,3.0,2.0,5.0,60.0,2.0,0.0,2.0,3,6.0,3.0,0.0,198.0,3.0,0.0152,54.0,120.0,1.0,0.0,129.0,162.0,181.0,89.5,837.0,0.0,11.0,12.0,27.0,0.0,4.0,0.0,0,0,3,3,0.0,0,10.0,4.0,2.0,66.7,0.0,0.0,0.0,0.0
126,Leander Dendoncker,Belgium,Aston Villa,27,27.6767,27-247,1.8,6.0,3,0.5,4.0,2.0,4.0,0.0,4.0,100.0,4.0,3.0,1.0,0,6.0,5.0,0.0,142.0,17.0,0.1197,69.0,66.0,1.0,1.0,111.0,119.0,122.0,97.5,533.0,1.0,6.0,10.0,3.0,0.0,0.0,0.0,1,0,3,0,0.0,0,6.0,2.0,1.0,66.7,0.0,0.0,0.0,0.0
127,Liam Millar,Canada,Basel,23,23.2247,23-082,0.1,0.0,0,,0.0,0.0,0.0,0.0,0.0,,0.0,0.0,0.0,0,0.0,0.0,0.0,9.0,0.0,0.0,0.0,3.0,0.0,0.0,5.0,4.0,9.0,44.4,23.0,0.0,0.0,1.0,2.0,0.0,0.0,0.0,0,0,1,0,0.0,0,0.0,0.0,0.0,,0.0,0.0,0.0,0.0
128,Lisandro Martínez,Argentina,Manchester Utd,24,24.9151,24-334,3.4,6.0,2,0.3333,4.0,2.0,2.0,0.0,2.0,100.0,3.0,1.0,2.0,3,9.0,14.0,0.0,188.0,17.0,0.0904,83.0,94.0,1.0,0.0,123.0,133.0,156.0,85.3,821.0,1.0,11.0,6.0,9.0,0.0,1.0,0.0,1,0,2,3,0.0,0,6.0,3.0,3.0,50.0,0.0,1.0,0.0,0.0
129,Lucas Hernández,France,Bayern Munich,26,26.8411,26-307,0.1,1.0,1,1.0,0.0,1.0,1.0,1.0,2.0,50.0,0.0,0.0,0.0,0,1.0,0.0,0.0,10.0,0.0,0.0,1.0,8.0,0.0,0.0,6.0,5.0,10.0,50.0,16.0,0.0,1.0,0.0,0.0,0.0,0.0,0.0,0,0,0,0,0.0,0,1.0,0.0,0.0,,0.0,0.0,0.0,0.0
130,Lukas Klostermann,Germany,RB Leipzig,26,26.5425,26-198,0.7,3.0,1,0.3333,0.0,3.0,2.0,1.0,3.0,66.7,0.0,0.0,0.0,0,3.0,1.0,0.0,56.0,1.0,0.0179,17.0,28.0,0.0,0.0,35.0,51.0,52.0,98.1,274.0,0.0,2.0,4.0,10.0,0.0,1.0,0.0,0,0,1,0,0.0,0,6.0,0.0,0.0,,0.0,0.0,0.0,0.0
131,Luke Shaw,England,Manchester Utd,27,27.4356,27-159,4.7,3.0,1,0.3333,1.0,0.0,1.0,1.0,2.0,50.0,2.0,0.0,2.0,4,7.0,5.0,0.0,419.0,6.0,0.0143,67.0,248.0,5.0,2.0,306.0,335.0,400.0,83.8,1662.0,8.0,23.0,31.0,52.0,0.0,1.0,8.0,0,0,5,4,0.0,0,21.0,3.0,9.0,25.0,0.0,0.0,0.0,0.0
132,Majid Hosseini,IR Iran,Kayserispor,26,26.4959,26-181,3.0,7.0,4,0.5714,6.0,1.0,6.0,3.0,9.0,66.7,3.0,2.0,1.0,6,13.0,11.0,0.0,137.0,25.0,0.1825,91.0,47.0,1.0,1.0,61.0,86.0,106.0,81.1,524.0,0.0,3.0,3.0,6.0,0.0,2.0,1.0,1,0,4,1,0.0,0,22.0,6.0,4.0,60.0,0.0,0.0,0.0,0.0
133,Manuel Akanji,Switzerland,Manchester City,27,27.4164,27-152,4.0,4.0,2,0.5,2.0,0.0,3.0,1.0,4.0,75.0,4.0,3.0,1.0,3,7.0,12.0,0.0,287.0,41.0,0.1429,143.0,135.0,0.0,1.0,214.0,229.0,259.0,88.4,1829.0,1.0,15.0,14.0,12.0,0.0,6.0,1.0,1,0,4,1,0.0,0,18.0,9.0,2.0,81.8,0.0,0.0,0.0,0.0
134,Marcos Acuña,Argentina,Sevilla,31,31.1397,31-051,4.1,12.0,8,0.6667,9.0,2.0,6.0,1.0,7.0,85.7,8.0,1.0,7.0,2,14.0,9.0,0.0,269.0,5.0,0.0186,70.0,102.0,7.0,4.0,164.0,167.0,217.0,77.0,685.0,5.0,9.0,9.0,34.0,1.0,2.0,6.0,3,0,9,9,0.0,0,16.0,5.0,7.0,41.7,1.0,0.0,1.0,0.0
135,Marcos Llorente,Spain,Atlético Madrid,27,27.8822,27-322,1.3,0.0,0,,0.0,0.0,0.0,4.0,4.0,0.0,0.0,0.0,0.0,0,0.0,0.0,0.0,107.0,0.0,0.0,11.0,70.0,1.0,0.0,76.0,95.0,106.0,89.6,271.0,0.0,9.0,6.0,16.0,0.0,0.0,2.0,0,0,0,0,0.0,0,9.0,0.0,1.0,0.0,0.0,0.0,0.0,0.0
136,Marquinhos,Brazil,Paris S-G,28,28.5973,28-218,4.7,5.0,4,0.8,3.0,2.0,4.0,1.0,5.0,80.0,6.0,1.0,5.0,2,7.0,6.0,0.0,392.0,30.0,0.0765,137.0,238.0,2.0,0.0,310.0,352.0,368.0,95.7,1913.0,4.0,36.0,18.0,12.0,0.0,3.0,1.0,1,0,1,2,0.0,0,28.0,4.0,4.0,50.0,0.0,0.0,0.0,0.0
137,Martín Cáceres,Uruguay,LA Galaxy,35,35.6986,35-255,1.0,0.0,0,,0.0,0.0,0.0,2.0,2.0,0.0,0.0,0.0,0.0,0,0.0,2.0,0.0,83.0,3.0,0.0361,21.0,49.0,1.0,0.0,60.0,68.0,79.0,86.1,320.0,0.0,5.0,2.0,13.0,0.0,0.0,0.0,1,0,1,0,0.0,0,3.0,1.0,0.0,100.0,0.0,0.0,0.0,0.0
138,Mathías Olivera,Uruguay,Napoli,25,25.1315,25-048,2.8,9.0,5,0.5556,7.0,2.0,4.0,3.0,7.0,57.1,9.0,0.0,9.0,2,11.0,10.0,0.0,178.0,12.0,0.0674,64.0,62.0,7.0,2.0,74.0,104.0,133.0,78.2,574.0,5.0,7.0,7.0,26.0,0.0,0.0,5.0,1,0,2,3,0.0,0,15.0,6.0,4.0,60.0,0.0,0.0,0.0,0.0
139,Matthias Ginter,Germany,Freiburg,28,28.9123,28-333,0.0,0.0,0,,0.0,0.0,0.0,0.0,0.0,,0.0,0.0,0.0,0,0.0,0.0,0.0,3.0,0.0,0.0,2.0,1.0,0.0,0.0,3.0,3.0,3.0,100.0,42.0,0.0,0.0,0.0,0.0,0.0,0.0,0.0,0,0,1,0,0.0,0,0.0,0.0,1.0,0.0,0.0,0.0,0.0,0.0
140,Matthijs de Ligt,Netherlands,Bayern Munich,23,23.3507,23-128,1.0,0.0,0,,0.0,0.0,0.0,0.0,0.0,,0.0,0.0,0.0,0,0.0,4.0,0.0,49.0,2.0,0.0408,20.0,27.0,0.0,1.0,35.0,41.0,45.0,91.1,264.0,0.0,4.0,2.0,2.0,0.0,1.0,0.0,1,0,4,1,0.0,0,3.0,5.0,2.0,71.4,0.0,0.0,0.0,0.0
141,Matty Cash,Poland,Aston Villa,25,25.3644,25-133,4.0,4.0,3,0.75,3.0,1.0,3.0,3.0,6.0,50.0,7.0,2.0,5.0,0,4.0,17.0,0.0,197.0,20.0,0.1015,58.0,95.0,3.0,2.0,111.0,123.0,160.0,76.9,696.0,2.0,12.0,8.0,33.0,0.0,2.0,6.0,2,0,7,3,0.0,0,10.0,2.0,1.0,66.7,0.0,0.0,0.0,0.0
142,Matías Viña,Uruguay,Roma,25,25.1068,25-039,0.2,4.0,3,0.75,4.0,0.0,2.0,0.0,2.0,100.0,0.0,0.0,0.0,0,4.0,0.0,0.0,26.0,0.0,0.0,8.0,12.0,0.0,1.0,13.0,11.0,21.0,52.4,44.0,0.0,0.0,1.0,4.0,0.0,1.0,2.0,0,0,1,0,0.0,0,1.0,0.0,0.0,,0.0,0.0,0.0,0.0
143,Maya Yoshida,Japan,Schalke 04,34,34.3178,34-116,4.3,4.0,4,1.0,0.0,4.0,1.0,0.0,1.0,100.0,6.0,3.0,3.0,3,7.0,24.0,0.0,277.0,46.0,0.1661,129.0,147.0,1.0,1.0,184.0,198.0,232.0,85.3,1370.0,1.0,3.0,6.0,5.0,0.0,1.0,0.0,1,0,3,4,0.0,0,30.0,10.0,7.0,58.8,0.0,0.0,0.0,0.0
144,Miki Yamane,Japan,Kawa Frontale,28,28.989,28-361,0.7,1.0,0,0.0,0.0,1.0,0.0,0.0,0.0,,2.0,0.0,2.0,2,3.0,0.0,0.0,36.0,0.0,0.0,3.0,21.0,0.0,0.0,13.0,24.0,33.0,72.7,164.0,1.0,4.0,5.0,5.0,0.0,0.0,2.0,1,0,2,1,0.0,0,5.0,0.0,1.0,0.0,0.0,0.0,0.0,0.0
145,Milad Mohammadi,IR Iran,AEK Athens,29,29.2192,29-080,2.2,10.0,3,0.3,7.0,3.0,3.0,1.0,4.0,75.0,2.0,0.0,2.0,1,11.0,6.0,0.0,90.0,8.0,0.0889,41.0,36.0,1.0,2.0,33.0,44.0,68.0,64.7,283.0,0.0,1.0,2.0,12.0,0.0,1.0,4.0,0,0,2,1,0.0,0,11.0,3.0,3.0,50.0,0.0,0.0,0.0,0.0
146,Miloš Degenek,Australia,Columbus Crew,28,28.6411,28-234,2.0,6.0,4,0.6667,6.0,0.0,5.0,1.0,6.0,83.3,2.0,1.0,1.0,1,7.0,9.0,0.0,123.0,15.0,0.122,67.0,44.0,1.0,1.0,57.0,67.0,101.0,66.3,532.0,0.0,3.0,2.0,30.0,0.0,0.0,5.0,2,0,2,8,0.0,0,15.0,6.0,1.0,85.7,0.0,0.0,0.0,0.0
147,Miloš Veljković,Serbia,Werder Bremen,27,27.2274,27-083,2.5,4.0,1,0.25,4.0,0.0,2.0,0.0,2.0,100.0,2.0,2.0,0.0,0,4.0,7.0,0.0,127.0,22.0,0.1732,78.0,50.0,0.0,0.0,91.0,98.0,112.0,87.5,647.0,0.0,1.0,3.0,1.0,0.0,5.0,3.0,0,0,1,0,0.0,0,12.0,2.0,1.0,66.7,0.0,0.0,0.0,0.0
148,Mohamed Dräger,Tunisia,Luzern,26,26.4822,26-176,1.5,5.0,3,0.6,3.0,2.0,4.0,0.0,4.0,100.0,0.0,0.0,0.0,1,6.0,4.0,0.0,70.0,4.0,0.0571,25.0,27.0,5.0,0.0,33.0,36.0,50.0,72.0,265.0,1.0,1.0,4.0,17.0,0.0,0.0,4.0,0,0,2,1,0.0,0,2.0,1.0,1.0,50.0,0.0,0.0,0.0,0.0
149,Mohammed Al-Breik,Saudi Arabia,Al-Hilal,30,30.2575,30-094,0.7,1.0,0,0.0,1.0,0.0,0.0,0.0,0.0,,2.0,0.0,2.0,1,2.0,4.0,0.0,57.0,3.0,0.0526,15.0,22.0,1.0,0.0,38.0,39.0,48.0,81.3,254.0,1.0,5.0,6.0,6.0,0.0,0.0,0.0,0,0,0,1,0.0,0,3.0,1.0,4.0,20.0,0.0,0.0,0.0,0.0
150,Mohammed Salisu,Ghana,Southampton,23,23.6712,23-245,3.0,2.0,1,0.5,2.0,0.0,1.0,0.0,1.0,100.0,5.0,4.0,1.0,3,5.0,17.0,0.0,184.0,27.0,0.1467,102.0,72.0,1.0,1.0,114.0,109.0,151.0,72.2,846.0,2.0,8.0,8.0,7.0,0.0,0.0,2.0,0,0,6,1,1.0,0,15.0,8.0,8.0,50.0,0.0,0.0,0.0,0.0
151,Montassar Talbi,Tunisia,Lorient,24,24.5644,24-206,3.0,2.0,2,1.0,1.0,1.0,0.0,0.0,0.0,,7.0,1.0,6.0,2,4.0,18.0,0.0,177.0,24.0,0.1356,97.0,77.0,1.0,1.0,96.0,118.0,137.0,86.1,843.0,0.0,11.0,11.0,4.0,0.0,2.0,3.0,0,0,4,2,0.0,0,16.0,8.0,9.0,47.1,0.0,0.0,0.0,0.0
152,Morteza Pouraliganji,IR Iran,Persepolis,30,30.6658,30-243,3.0,2.0,2,1.0,0.0,1.0,1.0,1.0,2.0,50.0,5.0,3.0,2.0,6,8.0,10.0,0.0,156.0,19.0,0.1218,86.0,60.0,1.0,0.0,84.0,92.0,128.0,71.9,685.0,2.0,6.0,7.0,6.0,0.0,3.0,3.0,1,0,5,1,0.0,0,16.0,9.0,6.0,60.0,1.0,0.0,1.0,0.0
153,Musab Kheder,Qatar,Al Sadd SC,29,29.2274,29-083,0.1,1.0,1,1.0,1.0,0.0,0.0,0.0,0.0,,0.0,0.0,0.0,0,1.0,0.0,0.0,5.0,0.0,0.0,2.0,2.0,1.0,0.0,3.0,3.0,3.0,100.0,30.0,0.0,0.0,0.0,2.0,0.0,1.0,0.0,0,0,0,1,0.0,0,0.0,0.0,0.0,,0.0,0.0,0.0,0.0
154,Nader Ghandri,Tunisia,Club Africain,27,27.8301,27-303,1.0,2.0,2,1.0,2.0,0.0,1.0,0.0,1.0,100.0,4.0,4.0,0.0,1,3.0,4.0,0.0,45.0,10.0,0.2222,33.0,12.0,0.0,0.0,22.0,27.0,33.0,81.8,204.0,0.0,0.0,1.0,1.0,0.0,0.0,0.0,0,0,0,1,0.0,0,2.0,2.0,1.0,66.7,0.0,0.0,0.0,0.0
155,Nahuel Molina,Argentina,Atlético Madrid,24,24.7014,24-256,6.3,8.0,4,0.5,6.0,2.0,4.0,4.0,8.0,50.0,7.0,1.0,6.0,3,11.0,11.0,0.0,398.0,13.0,0.0327,116.0,192.0,6.0,3.0,251.0,291.0,358.0,81.3,1347.0,3.0,17.0,11.0,62.0,0.0,1.0,4.0,0,0,3,0,0.0,0,23.0,0.0,6.0,0.0,0.0,1.0,0.0,0.0
156,Nathan Aké,Netherlands,Manchester City,27,27.8301,27-303,5.3,6.0,3,0.5,4.0,2.0,3.0,0.0,3.0,100.0,3.0,2.0,1.0,8,14.0,20.0,0.0,393.0,29.0,0.0738,166.0,211.0,1.0,0.0,289.0,315.0,349.0,90.3,1703.0,0.0,29.0,19.0,15.0,0.0,2.0,1.0,1,0,4,6,0.0,0,21.0,10.0,12.0,45.5,0.0,0.0,0.0,0.0
157,Nathaniel Atkinson,Australia,Hearts,23,23.5151,23-188,0.9,4.0,3,0.75,3.0,1.0,4.0,2.0,6.0,66.7,1.0,1.0,0.0,1,5.0,2.0,1.0,43.0,4.0,0.093,15.0,21.0,0.0,3.0,18.0,27.0,34.0,79.4,108.0,0.0,1.0,3.0,10.0,0.0,1.0,0.0,0,0,0,0,0.0,0,6.0,0.0,0.0,,0.0,0.0,0.0,0.0
158,Nayef Aguerd,Morocco,West Ham,26,26.7205,26-263,3.9,4.0,2,0.5,4.0,0.0,2.0,0.0,2.0,100.0,3.0,2.0,1.0,4,8.0,12.0,0.0,185.0,41.0,0.2216,132.0,53.0,1.0,0.0,118.0,137.0,158.0,86.7,996.0,1.0,3.0,3.0,10.0,0.0,2.0,1.0,0,0,2,0,0.0,1,18.0,5.0,2.0,71.4,0.0,0.0,0.0,0.0
159,Neco Williams,Wales,Nott'ham Forest,21,21.6822,21-249,2.3,5.0,3,0.6,3.0,0.0,3.0,1.0,4.0,75.0,5.0,1.0,4.0,4,9.0,5.0,0.0,138.0,4.0,0.029,35.0,66.0,6.0,2.0,60.0,69.0,101.0,68.3,388.0,1.0,5.0,4.0,26.0,0.0,2.0,5.0,0,0,3,5,0.0,0,16.0,2.0,1.0,66.7,1.0,0.0,0.0,0.0
160,Nemanja Radonjić,Serbia,Torino,26,26.8384,26-306,0.7,0.0,0,,0.0,0.0,0.0,1.0,1.0,0.0,0.0,0.0,0.0,0,0.0,1.0,0.0,36.0,1.0,0.0278,9.0,8.0,2.0,1.0,21.0,15.0,24.0,62.5,74.0,1.0,0.0,1.0,4.0,0.0,0.0,1.0,0,0,0,2,0.0,0,6.0,0.0,1.0,0.0,0.0,0.0,0.0,0.0
161,Nico Elvedi,Switzerland,M'Gladbach,26,26.2164,26-079,2.0,2.0,0,0.0,1.0,0.0,1.0,2.0,3.0,33.3,5.0,3.0,2.0,1,3.0,13.0,0.0,165.0,26.0,0.1576,93.0,69.0,1.0,0.0,114.0,131.0,142.0,92.3,673.0,0.0,2.0,6.0,3.0,0.0,0.0,3.0,1,0,3,1,0.0,0,15.0,2.0,3.0,40.0,0.0,0.0,0.0,0.0
162,Nico Schlotterbeck,Germany,Dortmund,23,23.0466,23-017,1.0,4.0,3,0.75,2.0,2.0,3.0,0.0,3.0,100.0,2.0,1.0,1.0,1,5.0,1.0,0.0,135.0,8.0,0.0593,46.0,80.0,1.0,1.0,101.0,110.0,123.0,89.4,548.0,2.0,10.0,7.0,6.0,0.0,2.0,1.0,0,0,1,1,0.0,0,10.0,2.0,0.0,100.0,0.0,0.0,0.0,0.0
163,Nicolas Nkoulou,Cameroon,Aris,32,32.7288,32-266,2.0,2.0,0,0.0,2.0,0.0,0.0,2.0,2.0,0.0,2.0,0.0,2.0,5,7.0,8.0,1.0,115.0,19.0,0.1652,79.0,33.0,1.0,0.0,79.0,79.0,91.0,86.8,572.0,0.0,1.0,1.0,1.0,0.0,0.0,0.0,1,0,2,2,0.0,0,11.0,2.0,4.0,33.3,0.0,0.0,0.0,0.0
164,Nicolás Otamendi,Argentina,Benfica,34,34.8466,34-309,7.7,10.0,6,0.6,7.0,3.0,5.0,2.0,7.0,71.4,6.0,2.0,4.0,9,19.0,24.0,0.0,639.0,52.0,0.0814,297.0,334.0,2.0,1.0,474.0,532.0,577.0,92.2,2912.0,2.0,20.0,22.0,12.0,0.0,1.0,1.0,2,0,13,5,1.0,0,39.0,21.0,13.0,61.8,0.0,1.0,0.0,0.0
165,Nicolás Tagliafico,Argentina,Lyon,30,30.2986,30-109,4.1,7.0,7,1.0,2.0,3.0,4.0,0.0,4.0,100.0,9.0,1.0,8.0,9,16.0,9.0,0.0,220.0,12.0,0.0545,53.0,109.0,1.0,1.0,124.0,145.0,178.0,81.5,509.0,2.0,7.0,5.0,37.0,0.0,0.0,2.0,0,0,6,6,0.0,0,12.0,4.0,1.0,80.0,0.0,1.0,0.0,0.0
166,Niklas Süle,Germany,Dortmund,27,27.2904,27-106,3.0,5.0,4,0.8,4.0,1.0,3.0,0.0,3.0,100.0,1.0,1.0,0.0,0,5.0,7.0,0.0,268.0,15.0,0.056,89.0,157.0,0.0,1.0,204.0,231.0,255.0,90.6,1348.0,0.0,26.0,18.0,16.0,0.0,3.0,1.0,0,0,0,2,0.0,0,17.0,6.0,3.0,66.7,0.0,0.0,0.0,0.0
167,Nikola Milenković,Serbia,Fiorentina,25,25.1836,25-067,3.0,10.0,5,0.5,4.0,5.0,5.0,1.0,6.0,83.3,6.0,4.0,2.0,6,16.0,10.0,1.0,198.0,22.0,0.1111,85.0,104.0,2.0,0.0,118.0,141.0,163.0,86.5,823.0,0.0,10.0,6.0,3.0,0.0,1.0,3.0,2,0,8,2,0.0,0,18.0,6.0,2.0,75.0,0.0,2.0,0.0,0.0
168,Nouhou Tolo,Cameroon,Seattle,25,25.4877,25-178,3.0,8.0,5,0.625,8.0,0.0,3.0,2.0,5.0,60.0,5.0,2.0,3.0,6,14.0,10.0,0.0,145.0,17.0,0.1172,58.0,58.0,4.0,0.0,66.0,83.0,109.0,76.1,510.0,0.0,5.0,6.0,19.0,0.0,2.0,2.0,1,0,3,1,0.0,0,17.0,4.0,3.0,57.1,0.0,0.0,0.0,0.0
169,Noussair Mazraoui,Morocco,Bayern Munich,25,25.0932,25-034,4.1,14.0,9,0.6429,8.0,4.0,8.0,3.0,11.0,72.7,6.0,1.0,5.0,1,15.0,16.0,0.0,175.0,15.0,0.0857,79.0,69.0,6.0,1.0,79.0,98.0,121.0,81.0,571.0,1.0,2.0,3.0,25.0,0.0,2.0,2.0,0,0,3,1,0.0,0,21.0,1.0,3.0,25.0,0.0,0.0,0.0,0.0
170,Nuno Mendes,Portugal,Paris S-G,20,20.4986,20-182,0.5,0.0,0,,0.0,0.0,0.0,0.0,0.0,,1.0,0.0,1.0,2,2.0,0.0,0.0,36.0,0.0,0.0,6.0,18.0,1.0,0.0,27.0,29.0,32.0,90.6,197.0,1.0,2.0,2.0,5.0,0.0,1.0,0.0,0,0,0,2,0.0,0,2.0,1.0,0.0,100.0,1.0,0.0,0.0,0.0
171,Néstor Araujo,Mexico,América,31,31.3041,31-111,1.0,1.0,1,1.0,1.0,0.0,1.0,0.0,1.0,100.0,0.0,0.0,0.0,3,4.0,1.0,0.0,62.0,1.0,0.0161,16.0,40.0,0.0,1.0,37.0,44.0,53.0,83.0,210.0,0.0,5.0,3.0,5.0,0.0,0.0,1.0,1,0,2,0,0.0,0,6.0,0.0,0.0,,0.0,0.0,0.0,0.0
172,Pape Abou Cissé,Senegal,Olympiacos,27,27.2603,27-095,1.2,0.0,0,,0.0,0.0,0.0,0.0,0.0,,2.0,2.0,0.0,2,2.0,6.0,0.0,49.0,10.0,0.2041,35.0,12.0,0.0,0.0,32.0,28.0,37.0,75.7,282.0,0.0,2.0,0.0,1.0,0.0,1.0,0.0,0,0,1,0,0.0,0,2.0,2.0,3.0,40.0,0.0,0.0,0.0,0.0
173,Pau Torres,Spain,Villarreal,25,25.9205,25-336,1.0,0.0,0,,0.0,0.0,0.0,0.0,0.0,,1.0,1.0,0.0,0,0.0,2.0,0.0,194.0,6.0,0.0309,30.0,162.0,0.0,0.0,175.0,174.0,191.0,91.1,815.0,0.0,11.0,3.0,1.0,1.0,2.0,1.0,0,0,1,0,0.0,0,6.0,1.0,1.0,50.0,0.0,0.0,0.0,0.0
174,Pepe,Portugal,Porto,39,39.8082,39-295,4.0,5.0,0,0.0,4.0,1.0,3.0,1.0,4.0,75.0,6.0,4.0,2.0,6,11.0,11.0,0.0,330.0,23.0,0.0697,145.0,177.0,1.0,1.0,240.0,243.0,295.0,82.4,1638.0,0.0,18.0,10.0,4.0,0.0,4.0,0.0,0,0,3,5,0.0,0,28.0,9.0,5.0,64.3,0.0,0.0,0.0,0.0
175,Pervis Estupiñán,Ecuador,Brighton,24,24.9068,24-331,3.0,6.0,3,0.5,4.0,2.0,2.0,4.0,6.0,33.3,4.0,1.0,3.0,3,9.0,6.0,0.0,217.0,7.0,0.0323,44.0,122.0,4.0,4.0,124.0,148.0,190.0,77.9,886.0,5.0,8.0,10.0,44.0,0.0,0.0,4.0,0,0,8,3,0.0,0,21.0,3.0,3.0,50.0,0.0,0.0,0.0,0.0
176,Piero Hincapié,Ecuador,Leverkusen,20,20.9397,20-343,3.0,7.0,4,0.5714,5.0,2.0,2.0,1.0,3.0,66.7,2.0,0.0,2.0,2,9.0,9.0,0.0,227.0,11.0,0.0485,123.0,100.0,4.0,0.0,167.0,168.0,200.0,84.0,947.0,0.0,10.0,8.0,5.0,0.0,2.0,0.0,0,0,5,1,1.0,0,13.0,5.0,3.0,62.5,0.0,0.0,0.0,0.0
177,Ramin Rezaeian,IR Iran,Sepahan,32,32.7452,32-272,2.0,7.0,5,0.7143,5.0,2.0,3.0,4.0,7.0,42.9,1.0,0.0,1.0,3,10.0,2.0,0.0,130.0,8.0,0.0615,49.0,47.0,7.0,3.0,67.0,73.0,105.0,69.5,681.0,3.0,2.0,5.0,19.0,0.0,3.0,0.0,1,0,2,3,0.0,0,22.0,1.0,6.0,14.3,1.0,0.0,0.0,0.0
178,Raphaël Guerreiro,Portugal,Dortmund,28,28.989,28-361,3.1,3.0,2,0.6667,2.0,1.0,1.0,1.0,2.0,50.0,3.0,0.0,3.0,3,6.0,2.0,0.0,207.0,2.0,0.0097,45.0,92.0,1.0,1.0,138.0,156.0,185.0,84.3,856.0,6.0,9.0,14.0,28.0,0.0,0.0,2.0,0,0,2,1,0.0,0,17.0,2.0,1.0,66.7,0.0,0.0,0.0,0.0
179,Raphaël Varane,France,Manchester Utd,29,29.6493,29-237,5.8,1.0,0,0.0,0.0,1.0,0.0,2.0,2.0,0.0,4.0,3.0,1.0,6,7.0,15.0,0.0,322.0,34.0,0.1056,141.0,175.0,0.0,0.0,237.0,256.0,286.0,89.5,1468.0,0.0,20.0,5.0,8.0,0.0,0.0,0.0,0,0,1,1,0.0,0,17.0,4.0,5.0,44.4,0.0,0.0,0.0,0.0
180,Rasmus Nissen,Denmark,Leeds United,25,25.4384,25-160,2.5,8.0,7,0.875,5.0,3.0,4.0,4.0,8.0,50.0,3.0,1.0,2.0,1,9.0,7.0,0.0,204.0,7.0,0.0343,34.0,97.0,3.0,3.0,131.0,137.0,179.0,76.5,746.0,1.0,13.0,19.0,26.0,0.0,1.0,4.0,1,0,2,1,0.0,0,15.0,3.0,1.0,75.0,0.0,0.0,0.0,0.0
181,Ricardo Rodríguez,Switzerland,Torino,30,30.3151,30-115,4.0,7.0,2,0.2857,5.0,2.0,2.0,1.0,3.0,66.7,1.0,0.0,1.0,0,7.0,8.0,0.0,247.0,12.0,0.0486,89.0,120.0,2.0,3.0,158.0,164.0,229.0,71.6,949.0,2.0,18.0,10.0,35.0,1.0,3.0,7.0,0,0,6,2,0.0,0,16.0,10.0,2.0,83.3,0.0,0.0,0.0,0.0
182,Richie Laryea,Canada,Toronto FC,27,27.9452,27-345,1.8,3.0,1,0.3333,1.0,2.0,2.0,0.0,2.0,100.0,2.0,1.0,1.0,0,3.0,3.0,0.0,73.0,8.0,0.1096,22.0,25.0,4.0,1.0,42.0,35.0,47.0,74.5,125.0,4.0,1.0,0.0,1.0,0.0,0.0,2.0,0,0,1,2,0.0,0,11.0,0.0,1.0,0.0,0.0,0.0,0.0,0.0
183,Robert Skov,Denmark,Hoffenheim,26,26.5808,26-212,0.2,0.0,0,,0.0,0.0,0.0,0.0,0.0,,0.0,0.0,0.0,0,0.0,0.0,0.0,24.0,0.0,0.0,3.0,6.0,0.0,0.0,17.0,17.0,21.0,81.0,55.0,0.0,1.0,2.0,1.0,0.0,0.0,1.0,1,0,1,0,0.0,0,2.0,0.0,1.0,0.0,0.0,0.0,0.0,0.0
184,Rodri,Spain,Manchester City,26,26.4904,26-179,4.3,5.0,2,0.4,3.0,1.0,2.0,0.0,2.0,100.0,3.0,2.0,1.0,3,8.0,9.0,0.0,710.0,28.0,0.0394,157.0,518.0,0.0,0.0,598.0,642.0,689.0,93.2,3349.0,4.0,46.0,25.0,11.0,0.0,3.0,1.0,0,0,5,1,0.0,0,35.0,16.0,5.0,76.2,0.0,0.0,0.0,0.0
185,Romain Saïss,Morocco,Beşiktaş,32,32.7315,32-267,5.2,5.0,2,0.4,2.0,2.0,2.0,3.0,5.0,40.0,3.0,1.0,2.0,3,8.0,30.0,1.0,248.0,51.0,0.2056,164.0,84.0,0.0,0.0,138.0,159.0,199.0,79.9,1479.0,0.0,8.0,7.0,13.0,0.0,5.0,1.0,1,0,4,0,0.0,0,28.0,7.0,0.0,100.0,0.0,0.0,0.0,0.0
186,Roozbeh Cheshmi,IR Iran,Esteghlal,29,29.4027,29-147,0.6,0.0,0,,0.0,0.0,0.0,0.0,0.0,,1.0,1.0,0.0,2,2.0,3.0,0.0,19.0,4.0,0.2105,13.0,5.0,1.0,0.0,4.0,7.0,11.0,63.6,33.0,0.0,0.0,0.0,1.0,0.0,0.0,0.0,0,0,1,0,0.0,0,4.0,1.0,2.0,33.3,0.0,0.0,0.0,0.0
187,Ró-Ró,Qatar,Al Sadd SC,32,32.3671,32-134,2.9,6.0,4,0.6667,3.0,2.0,1.0,1.0,2.0,50.0,2.0,0.0,2.0,8,14.0,3.0,0.0,134.0,9.0,0.0672,50.0,63.0,4.0,2.0,84.0,78.0,108.0,72.2,355.0,0.0,4.0,4.0,12.0,1.0,0.0,5.0,0,0,4,5,0.0,0,14.0,3.0,2.0,60.0,0.0,0.0,0.0,0.0
188,Rónald Matarrita,Costa Rica,FC Cincinnati,28,28.4438,28-162,0.3,0.0,0,,0.0,0.0,0.0,0.0,0.0,,1.0,0.0,1.0,0,0.0,0.0,0.0,30.0,0.0,0.0,12.0,15.0,1.0,0.0,22.0,18.0,29.0,62.1,173.0,0.0,2.0,0.0,3.0,0.0,0.0,2.0,0,0,1,1,0.0,0,4.0,0.0,0.0,,0.0,0.0,0.0,0.0
189,Rúben Dias,Portugal,Manchester City,25,25.5973,25-218,4.0,4.0,4,1.0,2.0,2.0,0.0,1.0,1.0,0.0,2.0,0.0,2.0,3,7.0,9.0,0.0,293.0,24.0,0.0819,144.0,147.0,2.0,1.0,216.0,248.0,274.0,90.5,1508.0,0.0,13.0,11.0,19.0,0.0,2.0,1.0,1,0,4,2,0.0,0,15.0,5.0,3.0,62.5,0.0,1.0,0.0,0.0
190,Sadegh Moharrami,IR Iran,Dinamo Zagreb,26,26.8,26-292,1.0,1.0,1,1.0,0.0,1.0,0.0,2.0,2.0,0.0,1.0,0.0,1.0,1,2.0,3.0,0.0,32.0,5.0,0.1562,12.0,12.0,0.0,2.0,14.0,18.0,26.0,69.2,92.0,0.0,0.0,0.0,7.0,0.0,0.0,0.0,0,0,2,0,0.0,0,6.0,1.0,2.0,33.3,0.0,0.0,0.0,0.0
191,Sam Adekugbe,Canada,Hatayspor,27,27.9205,27-336,1.1,0.0,0,,0.0,0.0,0.0,0.0,0.0,,1.0,0.0,1.0,1,1.0,1.0,0.0,77.0,2.0,0.026,9.0,48.0,1.0,0.0,59.0,63.0,71.0,88.7,311.0,1.0,4.0,4.0,9.0,0.0,0.0,2.0,1,0,1,0,0.0,0,3.0,2.0,0.0,100.0,0.0,0.0,0.0,0.0
192,Saud Abdulhamid,Saudi Arabia,Al-Hilal,23,23.4192,23-153,3.0,5.0,2,0.4,2.0,2.0,2.0,0.0,2.0,100.0,3.0,0.0,3.0,2,7.0,6.0,0.0,150.0,11.0,0.0733,37.0,61.0,4.0,1.0,74.0,88.0,122.0,72.1,541.0,2.0,9.0,11.0,28.0,0.0,1.0,3.0,1,0,7,5,1.0,0,14.0,4.0,6.0,40.0,1.0,0.0,0.0,0.0
193,Sebastián Coates,Uruguay,Sporting CP,32,32.1973,32-072,2.0,1.0,0,0.0,0.0,1.0,0.0,0.0,0.0,,3.0,1.0,2.0,1,2.0,6.0,0.0,107.0,8.0,0.0748,50.0,53.0,0.0,2.0,66.0,76.0,93.0,81.7,583.0,0.0,10.0,7.0,3.0,0.0,1.0,0.0,1,0,2,0,0.0,0,9.0,7.0,0.0,100.0,0.0,0.0,0.0,0.0
194,Sergiño Dest,United States,Milan,22,22.1233,22-045,3.4,4.0,2,0.5,2.0,1.0,2.0,1.0,3.0,66.7,3.0,0.0,3.0,2,6.0,7.0,0.0,250.0,10.0,0.04,58.0,115.0,9.0,8.0,178.0,172.0,200.0,86.0,848.0,3.0,15.0,13.0,24.0,0.0,1.0,5.0,1,0,4,2,0.0,0,13.0,1.0,3.0,25.0,0.0,0.0,0.0,0.0
195,Shaquell Moore,United States,Nashville,26,26.126,26-046,0.2,2.0,2,1.0,1.0,1.0,2.0,0.0,2.0,100.0,0.0,0.0,0.0,0,2.0,3.0,0.0,27.0,4.0,0.1481,12.0,7.0,0.0,0.0,16.0,14.0,21.0,66.7,85.0,0.0,1.0,0.0,1.0,0.0,0.0,0.0,0,0,3,0,0.0,0,2.0,1.0,0.0,100.0,0.0,0.0,0.0,0.0
196,Shogo Taniguchi,Japan,Kawa Frontale,31,31.4274,31-156,2.3,1.0,0,0.0,0.0,1.0,0.0,0.0,0.0,,2.0,2.0,0.0,1,2.0,10.0,0.0,105.0,16.0,0.1524,49.0,51.0,0.0,0.0,62.0,72.0,85.0,84.7,480.0,0.0,10.0,2.0,4.0,0.0,3.0,0.0,1,0,3,0,0.0,0,8.0,8.0,3.0,72.7,0.0,0.0,0.0,0.0
197,Silvan Widmer,Switzerland,Mainz 05,29,29.789,29-288,2.9,10.0,6,0.6,9.0,1.0,6.0,0.0,6.0,100.0,3.0,0.0,3.0,2,12.0,15.0,0.0,208.0,13.0,0.0625,67.0,95.0,5.0,6.0,126.0,127.0,169.0,75.1,814.0,2.0,12.0,10.0,31.0,0.0,0.0,4.0,1,0,4,2,0.0,0,13.0,3.0,1.0,75.0,0.0,0.0,0.0,0.0
198,Simon Kjær,Denmark,Milan,33,33.7315,33-267,0.7,0.0,0,,0.0,0.0,0.0,0.0,0.0,,1.0,1.0,0.0,5,5.0,2.0,0.0,68.0,4.0,0.0588,28.0,39.0,1.0,0.0,45.0,50.0,59.0,84.7,462.0,0.0,3.0,4.0,0.0,0.0,0.0,0.0,0,0,0,0,0.0,0,6.0,3.0,1.0,75.0,0.0,0.0,0.0,0.0
199,Srđan Babić,Serbia,Almería,26,26.6575,26-240,0.1,1.0,0,0.0,1.0,0.0,1.0,2.0,3.0,33.3,0.0,0.0,0.0,0,1.0,1.0,0.0,16.0,1.0,0.0625,8.0,8.0,0.0,0.0,11.0,10.0,16.0,62.5,66.0,0.0,0.0,0.0,1.0,0.0,1.0,0.0,0,0,0,0,0.0,0,1.0,0.0,0.0,,0.0,0.0,0.0,0.0
200,Stefan Mitrović,Serbia,Getafe,32,32.5753,32-210,0.4,0.0,0,,0.0,0.0,0.0,2.0,2.0,0.0,0.0,0.0,0.0,0,0.0,0.0,0.0,22.0,1.0,0.0455,8.0,13.0,0.0,0.0,19.0,18.0,21.0,85.7,111.0,0.0,0.0,0.0,0.0,0.0,0.0,0.0,0,0,0,0,0.0,0,1.0,0.0,2.0,0.0,0.0,0.0,0.0,0.0
201,Steven Vitória,Canada,Chaves,35,35.9342,35-341,3.0,3.0,3,1.0,1.0,2.0,3.0,0.0,3.0,100.0,4.0,2.0,2.0,0,3.0,7.0,0.0,203.0,14.0,0.069,85.0,117.0,1.0,1.0,142.0,160.0,186.0,86.0,1119.0,0.0,8.0,8.0,4.0,0.0,3.0,2.0,1,0,6,5,0.0,0,18.0,4.0,2.0,66.7,0.0,0.0,0.0,0.0
202,Strahinja Pavlović,Serbia,RB Salzburg,21,21.5699,21-208,2.6,7.0,2,0.2857,4.0,3.0,3.0,3.0,6.0,50.0,6.0,1.0,5.0,1,8.0,7.0,0.0,186.0,14.0,0.0753,71.0,101.0,4.0,3.0,120.0,121.0,156.0,77.6,944.0,0.0,15.0,13.0,4.0,0.0,0.0,3.0,2,0,6,4,0.0,0,18.0,12.0,2.0,85.7,0.0,0.0,0.0,0.0
203,Sultan Al-Ghanam,Saudi Arabia,Al-Nassr,28,28.6192,28-226,1.4,0.0,0,,0.0,0.0,0.0,1.0,1.0,0.0,3.0,1.0,2.0,2,2.0,3.0,0.0,68.0,5.0,0.0735,19.0,25.0,4.0,1.0,36.0,34.0,52.0,65.4,245.0,1.0,0.0,5.0,15.0,0.0,0.0,3.0,0,0,2,0,0.0,0,4.0,0.0,0.0,,0.0,0.0,0.0,0.0
204,Takehiro Tomiyasu,Japan,Arsenal,24,24.1178,24-043,2.1,0.0,0,,0.0,0.0,0.0,0.0,0.0,,2.0,2.0,0.0,0,0.0,7.0,1.0,118.0,11.0,0.0932,60.0,43.0,2.0,0.0,68.0,73.0,103.0,70.9,500.0,3.0,6.0,4.0,12.0,0.0,0.0,0.0,0,0,1,0,0.0,0,12.0,6.0,4.0,60.0,0.0,0.0,0.0,0.0
205,Tarek Salman,Qatar,Al Sadd SC,25,25.0356,25-013,0.1,1.0,0,0.0,1.0,0.0,0.0,0.0,0.0,,0.0,0.0,0.0,1,2.0,0.0,0.0,14.0,1.0,0.0714,7.0,6.0,0.0,0.0,9.0,7.0,10.0,70.0,34.0,0.0,1.0,0.0,0.0,0.0,0.0,1.0,0,0,0,0,0.0,0,1.0,0.0,0.0,,0.0,0.0,0.0,0.0
206,Tariq Lamptey,Ghana,Brighton,22,22.2164,22-079,1.1,3.0,1,0.3333,3.0,0.0,3.0,1.0,4.0,75.0,1.0,1.0,0.0,1,4.0,4.0,0.0,50.0,7.0,0.14,23.0,18.0,1.0,1.0,17.0,21.0,34.0,61.8,88.0,0.0,0.0,2.0,10.0,0.0,0.0,1.0,1,0,3,2,0.0,0,8.0,0.0,1.0,0.0,0.0,0.0,0.0,0.0
207,Theo Hernández,France,Milan,25,25.2,25-073,5.6,16.0,13,0.8125,11.0,5.0,10.0,5.0,15.0,66.7,5.0,2.0,3.0,4,20.0,8.0,1.0,383.0,13.0,0.0339,87.0,198.0,6.0,5.0,248.0,289.0,339.0,85.3,1347.0,11.0,23.0,16.0,52.0,0.0,2.0,4.0,1,0,6,13,1.0,0,30.0,8.0,4.0,66.7,0.0,0.0,0.0,0.0
208,Thiago Silva,Brazil,Chelsea,38,38.2384,38-087,4.3,3.0,1,0.3333,0.0,2.0,0.0,0.0,0.0,,3.0,1.0,2.0,5,8.0,6.0,0.0,368.0,22.0,0.0598,139.0,219.0,2.0,0.0,289.0,322.0,344.0,93.6,2410.0,4.0,15.0,15.0,14.0,2.0,2.0,1.0,0,0,2,3,0.0,0,17.0,6.0,4.0,60.0,0.0,0.0,0.0,0.0
209,Thilo Kehrer,Germany,West Ham,26,26.2411,26-088,0.8,6.0,2,0.3333,4.0,1.0,3.0,0.0,3.0,100.0,1.0,0.0,1.0,3,9.0,2.0,0.0,43.0,3.0,0.0698,21.0,15.0,1.0,0.0,20.0,22.0,29.0,75.9,155.0,0.0,1.0,1.0,5.0,0.0,0.0,2.0,1,0,3,0,0.0,0,3.0,0.0,0.0,,0.0,0.0,0.0,0.0
210,Thomas Meunier,Belgium,Dortmund,31,31.2658,31-097,2.3,6.0,6,1.0,3.0,3.0,4.0,1.0,5.0,80.0,1.0,0.0,1.0,2,8.0,5.0,0.0,167.0,6.0,0.0359,56.0,69.0,2.0,1.0,114.0,110.0,147.0,74.8,632.0,3.0,8.0,9.0,17.0,1.0,2.0,5.0,1,0,4,1,0.0,0,13.0,2.0,3.0,40.0,0.0,0.0,0.0,0.0
211,Tim Ream,United States,Fulham,35,35.2027,35-074,4.0,4.0,3,0.75,1.0,3.0,3.0,0.0,3.0,100.0,2.0,1.0,1.0,4,8.0,12.0,0.0,305.0,25.0,0.082,117.0,180.0,4.0,0.0,203.0,245.0,276.0,88.8,1646.0,0.0,18.0,17.0,7.0,0.0,4.0,2.0,1,0,1,2,0.0,0,19.0,6.0,8.0,42.9,0.0,0.0,0.0,0.0
212,Timothy Castagne,Belgium,Leicester City,27,27.0356,27-013,3.0,7.0,4,0.5714,6.0,1.0,4.0,2.0,6.0,66.7,1.0,0.0,1.0,2,9.0,4.0,0.0,229.0,11.0,0.048,80.0,119.0,3.0,0.0,164.0,176.0,202.0,87.1,951.0,0.0,15.0,9.0,19.0,0.0,0.0,4.0,0,0,3,1,0.0,0,9.0,2.0,3.0,40.0,0.0,0.0,0.0,0.0
213,Toby Alderweireld,Belgium,Antwerp,33,33.7973,33-291,3.0,4.0,2,0.5,4.0,0.0,2.0,3.0,5.0,40.0,3.0,1.0,2.0,0,4.0,19.0,0.0,303.0,40.0,0.132,172.0,127.0,2.0,0.0,243.0,248.0,273.0,90.8,1904.0,1.0,17.0,10.0,3.0,2.0,2.0,2.0,0,0,0,0,0.0,0,9.0,1.0,2.0,33.3,0.0,0.0,0.0,0.0
214,Trent Alexander-Arnold,England,Liverpool,24,24.1973,24-072,0.4,0.0,0,,0.0,0.0,0.0,0.0,0.0,,1.0,0.0,1.0,0,0.0,0.0,0.0,24.0,0.0,0.0,10.0,12.0,0.0,0.0,15.0,21.0,23.0,91.3,167.0,0.0,0.0,3.0,2.0,0.0,0.0,0.0,0,0,1,0,0.0,0,1.0,0.0,0.0,,0.0,0.0,0.0,0.0
215,Victor Nelsson,Denmark,Galatasaray,24,24.1781,24-065,1.0,0.0,0,,0.0,0.0,0.0,1.0,1.0,0.0,2.0,1.0,1.0,2,2.0,1.0,0.0,79.0,4.0,0.0506,17.0,59.0,0.0,0.0,58.0,69.0,74.0,93.2,355.0,0.0,8.0,11.0,3.0,0.0,3.0,0.0,0,0,0,2,0.0,0,3.0,4.0,3.0,57.1,0.0,0.0,0.0,0.0
216,Virgil van Dijk,Netherlands,Liverpool,31,31.4466,31-163,5.3,2.0,1,0.5,0.0,2.0,1.0,1.0,2.0,50.0,8.0,7.0,1.0,4,6.0,21.0,0.0,399.0,61.0,0.1529,211.0,181.0,2.0,0.0,275.0,311.0,356.0,87.4,2470.0,2.0,7.0,15.0,19.0,1.0,4.0,0.0,0,0,5,2,0.0,0,31.0,13.0,8.0,61.9,0.0,0.0,0.0,0.0
217,Wajdi Kechrida,Tunisia,Atromitos,27,27.1178,27-043,1.2,3.0,3,1.0,3.0,0.0,1.0,0.0,1.0,100.0,3.0,1.0,2.0,0,3.0,4.0,0.0,77.0,4.0,0.0519,28.0,25.0,1.0,3.0,42.0,44.0,69.0,63.8,338.0,1.0,3.0,4.0,21.0,0.0,0.0,6.0,1,0,2,0,0.0,0,6.0,1.0,2.0,33.3,0.0,0.0,0.0,0.0
218,Walker Zimmerman,United States,Nashville,29,29.5836,29-213,3.1,3.0,2,0.6667,3.0,0.0,3.0,1.0,4.0,75.0,4.0,3.0,1.0,4,7.0,15.0,0.0,274.0,26.0,0.0949,137.0,132.0,0.0,0.0,191.0,217.0,244.0,88.9,1373.0,0.0,6.0,3.0,4.0,0.0,0.0,3.0,0,0,3,0,1.0,0,17.0,8.0,5.0,61.5,0.0,0.0,0.0,0.0
219,William Saliba,France,Arsenal,21,21.737,21-269,0.3,0.0,0,,0.0,0.0,0.0,0.0,0.0,,1.0,0.0,1.0,0,0.0,0.0,0.0,38.0,2.0,0.0526,14.0,19.0,1.0,0.0,31.0,37.0,37.0,100.0,217.0,1.0,2.0,1.0,0.0,0.0,0.0,0.0,0,0,0,1,0.0,0,3.0,0.0,0.0,,0.0,0.0,0.0,0.0
220,Yahya Attiat Allah,Morocco,Wydad Casablanca,27,27.7973,27-291,3.5,4.0,2,0.5,3.0,1.0,3.0,4.0,7.0,42.9,4.0,0.0,4.0,0,4.0,15.0,0.0,167.0,16.0,0.0958,75.0,66.0,2.0,2.0,85.0,98.0,137.0,71.5,728.0,5.0,4.0,4.0,27.0,0.0,0.0,4.0,0,0,8,3,0.0,0,21.0,0.0,7.0,0.0,1.0,0.0,1.0,0.0
221,Yasser Al-Shahrani,Saudi Arabia,Al-Hilal,30,30.5671,30-207,1.0,3.0,1,0.3333,0.0,3.0,1.0,0.0,1.0,100.0,0.0,0.0,0.0,6,9.0,6.0,0.0,43.0,3.0,0.0698,13.0,24.0,2.0,0.0,15.0,13.0,29.0,44.8,123.0,0.0,1.0,2.0,7.0,0.0,0.0,1.0,0,0,1,0,0.0,0,5.0,0.0,0.0,,0.0,0.0,0.0,0.0
222,Yassine Meriah,Tunisia,Espérance de Tunis,29,29.463,29-169,3.0,4.0,2,0.5,3.0,0.0,3.0,5.0,8.0,37.5,5.0,0.0,5.0,1,5.0,20.0,0.0,208.0,29.0,0.1394,104.0,98.0,2.0,0.0,138.0,139.0,171.0,81.3,1041.0,1.0,11.0,11.0,8.0,2.0,1.0,1.0,0,0,3,1,0.0,0,16.0,5.0,6.0,45.5,0.0,0.0,0.0,0.0
223,Youssouf Sabaly,Senegal,Betis,29,29.789,29-288,4.0,6.0,6,1.0,4.0,1.0,3.0,2.0,5.0,60.0,1.0,0.0,1.0,4,10.0,9.0,0.0,253.0,5.0,0.0198,65.0,112.0,5.0,1.0,167.0,189.0,219.0,86.3,1012.0,8.0,16.0,16.0,27.0,3.0,1.0,1.0,0,0,3,12,0.0,0,27.0,4.0,3.0,57.1,2.0,0.0,0.0,0.0
224,Youstin Salas,Costa Rica,Deportivo Saprissa,26,26.5041,26-184,0.5,5.0,1,0.2,4.0,1.0,3.0,4.0,7.0,42.9,3.0,1.0,2.0,0,5.0,1.0,0.0,27.0,4.0,0.1481,16.0,7.0,1.0,1.0,6.0,15.0,19.0,78.9,202.0,0.0,1.0,0.0,4.0,0.0,0.0,0.0,0,0,0,0,0.0,0,5.0,1.0,0.0,100.0,0.0,0.0,0.0,0.0
225,Ángelo Preciado,Ecuador,Genk,24,24.8301,24-303,2.9,7.0,5,0.7143,3.0,3.0,2.0,2.0,4.0,50.0,2.0,0.0,2.0,6,13.0,4.0,0.0,162.0,3.0,0.0185,38.0,78.0,6.0,2.0,81.0,94.0,129.0,72.9,532.0,4.0,4.0,6.0,30.0,0.0,0.0,0.0,0,0,8,2,0.0,0,10.0,3.0,2.0,60.0,0.0,0.0,0.0,0.0
226,Éder Militão,Brazil,Real Madrid,24,24.9151,24-334,3.9,7.0,6,0.8571,4.0,1.0,3.0,1.0,4.0,75.0,1.0,0.0,1.0,3,10.0,5.0,0.0,306.0,12.0,0.0392,103.0,151.0,6.0,1.0,217.0,251.0,277.0,90.6,1514.0,1.0,20.0,12.0,25.0,0.0,4.0,1.0,1,0,7,3,0.0,0,29.0,4.0,5.0,44.4,0.0,0.0,0.0,0.0
227,Óscar Duarte,Costa Rica,Al-Wehda,33,33.5425,33-198,3.0,4.0,2,0.5,4.0,0.0,2.0,0.0,2.0,100.0,3.0,1.0,2.0,6,10.0,15.0,0.0,132.0,29.0,0.2197,93.0,35.0,1.0,0.0,70.0,68.0,98.0,69.4,529.0,2.0,1.0,0.0,8.0,0.0,1.0,2.0,1,0,1,0,1.0,0,9.0,2.0,3.0,40.0,0.0,0.0,0.0,0.0
